"id","poble","advocació","comarca","alçada"
1,"Alcover","L'Assumpció","Alt Camp, l'","39.71"
2,"Alió","Sant Bartomeu","Alt Camp, l'","36.55"
3,"Botarell","Sant Llorenç","Alt Camp, l'","29.85"
4,"Bràfim","Sant Jaume","Alt Camp, l'","35.74"
5,"Cabra del Camp","Santa Maria","Alt Camp, l'","34.68"
6,"Esblada","Sant Jaume","Alt Camp, l'","9.19"
7,"Figuerola del Camp","Sant Jaume","Alt Camp, l'","28.64"
8,"Fontscaldes","Sant Simó","Alt Camp, l'","23.03"
9,"Garidells, Els","Sant Jaume","Alt Camp, l'","21.98"
10,"Masmolets","Sant Roc","Alt Camp, l'","22.03"
11,"Masó, La","Santa Magdalena","Alt Camp, l'","29.25"
12,"Milà, El","Santa Úrsula","Alt Camp, l'","19.52"
13,"Mont-ral","Sant Pere","Alt Camp, l'","19.64"
14,"Montferri","Sant Bartomeu","Alt Camp, l'","32.59"
15,"Nulles","Sant Joan Baptista","Alt Camp, l'","29.46"
16,"Picamoixons","Sant Salvador","Alt Camp, l'","29.58"
17,"Pla de Santa Maria","L'Assumpció","Alt Camp, l'","36.38"
18,"Pobles, Les","Santa Maria","Alt Camp, l'","20.46"
19,"Pont d'Armentera, El","Santa Magdalena","Alt Camp, l'","24.89"
20,"Puigpelat","Santa Maria","Alt Camp, l'","30.26"
21,"Querol","Santa Maria","Alt Camp, l'","18.05"
22,"Riba, La","Sant Nicolau","Alt Camp, l'","31.29"
23,"Rodonyà","Sant Joan Baptista","Alt Camp, l'","41.18"
24,"Rourell, El","Sant Pere","Alt Camp, l'","32.4"
25,"Vallmoll","Santa Maria","Alt Camp, l'","20.12"
26,"Valls","Sant Joan Baptista","Alt Camp, l'","74.00"
27,"Valls","Mare de Déu del Carme","Alt Camp, l'","40.41"
28,"Valls","Sant Antoni","Alt Camp, l'","24.07"
29,"Vila-rodona","Santa Maria","Alt Camp, l'","49.44"
30,"Vilabella del Camp","Sant Pere","Alt Camp, l'","33.97"
31,"Arenys d'Empordà","Sant Sadurní","Alt Empordà, l'","19.23"
32,"Armentera, L'","Sant Martí","Alt Empordà, l'","29.6"
33,"Bàscara","Sant Iscle i santa Victòria","Alt Empordà, l'","23.28"
34,"Biure d'Empordà","Sant Esteve","Alt Empordà, l'","20.53"
35,"Boadella","Santa Cecília","Alt Empordà, l'","10.03"
36,"Borrassà","Sant Andreu","Alt Empordà, l'","35.18"
37,"Cabanelles","Santa Coloma","Alt Empordà, l'","16.6"
38,"Cabanes d'Empordà","Sant Vicenç","Alt Empordà, l'","28.44"
39,"Cadaqués","Santa Maria","Alt Empordà, l'","27.5"
40,"Calabuig","Sant Feliu","Alt Empordà, l'","19.74"
41,"Camallera","Sant Bartomeu","Alt Empordà, l'","27.59"
42,"Cantallops","Sant Esteve","Alt Empordà, l'","18.97"
43,"Castelló d'Empúries","La Purificació de la Mare de Déu, basílica","Alt Empordà, l'","37.93"
44,"Cistella","Santa Maria","Alt Empordà, l'","21.77"
45,"Colera","Sant Miquel","Alt Empordà, l'","26.26"
46,"Darnius","Santa Maria","Alt Empordà, l'","21.62"
47,"Escala, L'","Sant Pere","Alt Empordà, l'","28.89"
48,"Escaules, Les","Sant Martí","Alt Empordà, l'","18.75"
49,"Espinavessa","Sant Vicenç","Alt Empordà, l'","22.92"
50,"Espolla","Sant Jaume","Alt Empordà, l'","35.5"
51,"Figueres","El Bon Pastor","Alt Empordà, l'","19.75"
52,"Figueres","La Immaculada","Alt Empordà, l'","27.89"
53,"Figueres","Sant Joan de Vilatenim","Alt Empordà, l'","15.00"
54,"Figueres","Sant Pere","Alt Empordà, l'","38.8"
55,"Fortià","Sant Julià i santa Basilissa","Alt Empordà, l'","23.2"
56,"Garrigàs","Sant Miquel","Alt Empordà, l'","15.03"
57,"Garriguella","Santa Eulàlia","Alt Empordà, l'","31.55"
58,"Jonquera, La","Santa Maria","Alt Empordà, l'","20.13"
59,"Llampaies","Sant Martí","Alt Empordà, l'","18.44"
60,"Llançà","Sant Vicenç","Alt Empordà, l'","34.21"
61,"Llers","Sant Julià","Alt Empordà, l'","22.93"
62,"Maçanet de Cabrenys","Sant Martí","Alt Empordà, l'","23.42"
63,"Mollet de Peralada","Sant Cebrià","Alt Empordà, l'","22.97"
64,"Montiró","Sant Sadurní","Alt Empordà, l'","15.18"
65,"Navata","Sant Pere","Alt Empordà, l'","29.59"
66,"Ordis","Sant Julià","Alt Empordà, l'","18.33"
67,"Palau de Santa Eulàlia","Santa Eulàlia","Alt Empordà, l'","19.05"
68,"Pedret","Sant Esteve","Alt Empordà, l'","15.23"
69,"Peralada","Sant Martí","Alt Empordà, l'","30.66"
70,"Pont de Molins","Santa Maria","Alt Empordà, l'","21.23"
71,"Pontós","Sant Martí","Alt Empordà, l'","21.66"
72,"Port de la Selva, El","Santa Maria de les Neus","Alt Empordà, l'","30.32"
73,"Portbou","Santa Maria","Alt Empordà, l'","34.16"
74,"Queixàs","Sant Martí","Alt Empordà, l'","15.72"
75,"Riumors","Sant Mamert","Alt Empordà, l'","24.00"
76,"Sant Climent Sescebes","Sant Climent","Alt Empordà, l'","20.53"
77,"Sant Llorenç de la Muga","Sant Llorenç","Alt Empordà, l'","29.91"
78,"Sant Martí Sesserres","Sant Martí","Alt Empordà, l'","16.42"
79,"Sant Miquel de Fluvià","Sant Miquel","Alt Empordà, l'","28.79"
80,"Sant Mori","Sant Maurici","Alt Empordà, l'","24.03"
81,"Sant Pere de Rodes","Sant Pere, antic monestir, l'altre dels dos campanars","Alt Empordà, l'","27.00"
82,"Sant Pere de Rodes","Sant Pere, antic monestir, un dels dos campanars","Alt Empordà, l'","24.00"
83,"Sant Pere Pescador","Sant Pere","Alt Empordà, l'","33.54"
84,"Santa Llogaia d'Àlguema","Santa Llogaia","Alt Empordà, l'","19.5"
85,"Selva de Mar, La","Sant Esteve","Alt Empordà, l'","26.55"
86,"Siurana d'Empordà","Santa Coloma","Alt Empordà, l'","19.88"
87,"Taravaus","Sant Martí","Alt Empordà, l'","15.87"
88,"Terrades","Santa Cecília","Alt Empordà, l'","16.53"
89,"Valveralla","Sant Vicenç","Alt Empordà, l'","17.26"
90,"Ventalló","Sant Miquel","Alt Empordà, l'","22.38"
91,"Vila-robau","Sant Andreu","Alt Empordà, l'","16.82"
92,"Vila-sacra","Sant Esteve","Alt Empordà, l'","16.51"
93,"Vilabertran","Santa Maria, antic monestir","Alt Empordà, l'","27.24"
94,"Vilacolum","Sant Esteve","Alt Empordà, l'","13.59"
95,"Vilafant","Sant Cebrià","Alt Empordà, l'","22.14"
96,"Vilanant","Santa Maria","Alt Empordà, l'","29.31"
97,"Vilanova de la Muga","Santa Eulàlia","Alt Empordà, l'","26.75"
98,"Vilarig","Sant Martí","Alt Empordà, l'","22.9"
99,"Vilatenim","Sant Joan","Alt Empordà, l'","14.12"
100,"Avinyó Nou (les Cabòries)","Sant Pere","Alt Penedès, l'","24.38"
101,"Cabanyes, Les","Sant Valentí","Alt Penedès, l'","21.76"
102,"Font-Rubí","Sant Pere i sant Feliu","Alt Penedès, l'","18.92"
103,"Gelida","Sant Pere","Alt Penedès, l'","38.7"
104,"Granada, La","Sant Cristòfol","Alt Penedès, l'","26.09"
105,"Guardiola de Font-rubí","Santa Maria de Bellver","Alt Penedès, l'","20.38"
106,"Gunyoles, Les","Sant Salvador","Alt Penedès, l'","20.24"
107,"Lavern","Sant Pere","Alt Penedès, l'","21.77"
108,"Moja","Sant Jaume","Alt Penedès, l'","29.15"
109,"Monistrol d'Anoia","Santa Maria","Alt Penedès, l'","15.31"
110,"Monjos, Els","Santa Margarida","Alt Penedès, l'","21.12"
111,"Múnia, La","Sant Sadurní","Alt Penedès, l'","23.89"
112,"Olesa de Bonesvalls","Sant Joan","Alt Penedès, l'","23.12"
113,"Pacs de Penedès","Sant Genís","Alt Penedès, l'","20.43"
114,"Pla del Penedès, El  ","Santa Magdalena","Alt Penedès, l'","22.99"
115,"Puigdàlber","Sant Andreu","Alt Penedès, l'","12.12"
116,"Sant Cugat Sesgarrigues","Sant Cugat","Alt Penedès, l'","22.13"
117,"Sant Joan de Mediona","Sant Joan","Alt Penedès, l'","23.45"
118,"Sant Llorenç d'Hortons","Sant Llorenç","Alt Penedès, l'","23.62"
119,"Sant Marçal","Sant Marçal","Alt Penedès, l'","19.27"
120,"Sant Martí Sarroca","Santa Maria","Alt Penedès, l'","25.84"
121,"Sant Miquel d'Olèrdola","Sant Miquel","Alt Penedès, l'","26.62"
122,"Sant Pau d'Ordal","Sant Pau","Alt Penedès, l'","17.65"
123,"Sant Pere de Riudebitlles","Sant Pere","Alt Penedès, l'","21.5"
124,"Sant Pere Molanta","Sant Pere","Alt Penedès, l'","20.27"
125,"Sant Quintí de Mediona","Sant Quintí","Alt Penedès, l'","26.41"
126,"Sant Sadurní d'Anoia","Sant Sadurní","Alt Penedès, l'","21.23"
127,"Sant Sebastià dels Gorgs","Sant Sebastià","Alt Penedès, l'","18.24"
128,"Torrelles de Foix","Sant Genís","Alt Penedès, l'","33.67"
129,"Vilafranca del Penedès","Santa Maria, basílica","Alt Penedès, l'","53.87"
130,"Vilafranca del Penedès","Santíssima Trinitat","Alt Penedès, l'","29.94"
131,"Vilobí del Penedès","Santa Maria de Vallformosa","Alt Penedès, l'","23.22"
132,"Adrall","Santa Maria","Alt Urgell, l'","19.79"
133,"Alàs","Sant Esteve","Alt Urgell, l'","20.37"
134,"Anserall","Sant Serni","Alt Urgell, l'","12.00"
135,"Ansovell","Sant Martí","Alt Urgell, l'","18.74"
136,"Aravell","Sant Andreu","Alt Urgell, l'","17.4"
137,"Arcavell","Sant Andreu","Alt Urgell, l'","22.57"
138,"Arfa","Sant Serni","Alt Urgell, l'","21.54"
139,"Argolell","Santa Eugènia","Alt Urgell, l'","16.55"
140,"Aristot","Sant Andreu","Alt Urgell, l'","20.5"
141,"Ars","Sant Martí","Alt Urgell, l'","14.2"
142,"Arsèguel","Santa Coloma","Alt Urgell, l'","17.97"
143,"Asnurri","Santa Eulàlia","Alt Urgell, l'","12.18"
144,"Ballestar","Sant Pere","Alt Urgell, l'","15.07"
145,"Bar","Sant Esteve","Alt Urgell, l'","24.21"
146,"Bescaran","Sant Martí","Alt Urgell, l'","27.98"
147,"Cabó","Sant Serni","Alt Urgell, l'","14.22"
148,"Calbinyà","Sant Tomàs","Alt Urgell, l'","15.45"
149,"Castellciutat","Sant Feliu","Alt Urgell, l'","17.56"
150,"Castellnou de Carcolze","Sant Gervasi","Alt Urgell, l'","17.7"
151,"Civís","Sant Romà","Alt Urgell, l'","13.47"
152,"Coll de Nargó","Sant Climent,  església nova","Alt Urgell, l'","29.08"
153,"Estamariu","Santa Cecília","Alt Urgell, l'","21.74"
154,"Fórnols","Sant Climent","Alt Urgell, l'","18.17"
155,"Gavarra","Sant Serni","Alt Urgell, l'","11.78"
156,"Montferrer","Sant Vicenç","Alt Urgell, l'","22.61"
157,"Noves de Segre","Sant Serni","Alt Urgell, l'","19.17"
158,"Ogern","Sant Serni","Alt Urgell, l'","18.95"
159,"Oliana","Sant Andreu","Alt Urgell, l'","24.67"
160,"Organyà","Santa Maria","Alt Urgell, l'","23.06"
161,"Ortedó","Sant Vicenç","Alt Urgell, l'","13.53"
162,"Os de Civís","Sant Pere","Alt Urgell, l'","14.96"
163,"Peramola","Sant Miquel","Alt Urgell, l'","22.43"
164,"Pla de Sant Tirs, El","Sant Tirs","Alt Urgell, l'","24.77"
165,"Seu d'Urgell","Catedra, Santa Maria, parròquia Sant Ot, dues torres","Alt Urgell, l'","24.5"
166,"Seu d'Urgell","Catedral, Santa Maria, parròquia Sant Ot, campaneret","Alt Urgell, l'","35.17"
167,"Sorribes","Sant Martí","Alt Urgell, l'","17.89"
168,"Tuixén","Sant Esteve","Alt Urgell, l'","17.54"
169,"Valldarques","Sant Romà","Alt Urgell, l'","13.18"
170,"Vilanova de Banat","Santa Cecília","Alt Urgell, l'","14.36"
171,"Adons","Sant Vicenç","Alta Ribagorça, l'","10.21"
172,"Areny de Noguera, Aragó: Osca","Sant Martí","Alta Ribagorça, l'","28.86"
173,"Barruera","Sant Feliu","Alta Ribagorça, l'","18.2"
174,"Boí","Sant Joan","Alta Ribagorça, l'","20.66"
175,"Castellars","Sant Josep","Alta Ribagorça, l'","11.55"
176,"Cóll","L'Assumpció","Alta Ribagorça, l'","20.12"
177,"Durro","La Nativitat","Alta Ribagorça, l'","26.25"
178,"Erill la Vall","Santa Eulàlia","Alta Ribagorça, l'","24.8"
179,"Gotarta","Santa Cecília","Alta Ribagorça, l'","13.35"
180,"Irgo","Mare de Déu de les Neus","Alta Ribagorça, l'","12.48"
181,"Llesp","Sant Martí","Alta Ribagorça, l'","16.4"
182,"Malpàs","Sant Pere","Alta Ribagorça, l'","16.75"
183,"Perves","Sant Fructuós","Alta Ribagorça, l'","13.75"
184,"Senet","Santa Cecília","Alta Ribagorça, l'","16.15"
185,"Taüll","Santa Maria","Alta Ribagorça, l'","21.75"
186,"Vilaller","Sant Climent","Alta Ribagorça, l'","33.82"
187,"Viu de Llevata","Santa Maria","Alta Ribagorça, l'","16.85"
188,"Argençola","Sant Llorenç","Anoia, l'","21.12"
189,"Bellprat","Sant Salvador","Anoia, l'","13.00"
190,"Boixadors","Sant Pere","Anoia, l'","17.6"
191,"Bruc, El","Sant Pau de la Guàrdia","Anoia, l'","17.65"
192,"Bruc, El","Santa Maria","Anoia, l'","15.3"
193,"Calaf","Sant Jaume","Anoia, l'","59.14"
194,"Calonge de Segarra","Santa Fe","Anoia, l'","13.34"
195,"Capellades","Santa Maria","Anoia, l'","35.00"
196,"Carme","Sant Martí","Anoia, l'","19.00"
197,"Castellfollit de Riubregós","Mare de Déu del Roser","Anoia, l'","23.26"
198,"Clariana ","Santa Maria","Anoia, l'","12.95"
199,"Conill","Sant Vicenç","Anoia, l'","10.75"
200,"Copons","Santa Maria","Anoia, l'","31.00"
201,"Guàrdia Pilosa, La","Sant Jaume","Anoia, l'","13.08"
202,"Hostalets de Pierola, Els","Sant Pere","Anoia, l'","23.00"
203,"Igualada","La Soledat","Anoia, l'","32.52"
204,"Igualada","Sagrada Família","Anoia, l'","15.00"
205,"Igualada","Santa Maria","Anoia, l'","36.5"
206,"Jorba","Sant Pere","Anoia, l'","22.9"
207,"Llacuna, La","Santa Maria","Anoia, l'","35.15"
208,"Masquefa","Sant Pere","Anoia, l'","28.3"
209,"Mirambell","Sant Pere","Anoia, l'","15.27"
210,"Montmaneu","Santa Maria","Anoia, l'","25.65"
211,"Òdena","Sant Pere","Anoia, l'","25.5"
212,"Orpí","Sant Miquel","Anoia, l'","21.8"
213,"Piera","Santa Maria","Anoia, l'","26.00"
214,"Pobla de Claramunt, La","Sant Joan","Anoia, l'","37.00"
215,"Prats de Rei, Els","Santa Maria","Anoia, l'","31.45"
216,"Pujalt","Sant Andreu","Anoia, l'","20.8"
217,"Rubió","Santa Maria","Anoia, l'","32.15"
218,"Sant Genís","Sant Genís","Anoia, l'","10.00"
219,"Sant Jaume Sesoliveres","Sant Jaume","Anoia, l'","21.72"
220,"Sant Martí de Maçana","Sant Martí","Anoia, l'","12.7"
221,"Sant Martí de Tous","Sant Martí","Anoia, l'","27.64"
222,"Sant Martí Sesgueioles","Sant Martí","Anoia, l'","25.35"
223,"Sant Pere Sallavinera","Sant Pere","Anoia, l'","17.36"
224,"Santa Margarida de Montbui","Santa Margarida","Anoia, l'","23.7"
225,"Segur","Santa Maria","Anoia, l'","16.02"
226,"Torre de Claramunt, La","Sant Joan","Anoia, l'","16.55"
227,"Vallbona d'Anoia","Sant Bartomeu","Anoia, l'","22.5"
228,"Vilanova del Camí","Sant Hilari","Anoia, l'","34.26"
229,"Aguilar de Segarra","Sant Andreu","Bages, el","18.64"
230,"Artés","Santa Maria","Bages, el","52.16"
231,"Avinyó","Sant Joan","Bages, el","22.13"
232,"Balsareny","Santa Maria","Bages, el","22.29"
233,"Bergús","Sant Joan","Bages, el","18.54"
234,"Cabrianes","Sant Ramon","Bages, el","18.59"
235,"Callús","Sant Sadurní","Bages, el","28.5"
236,"Camps","Santa Maria","Bages, el","18.4"
237,"Cardona","Sant Miquel","Bages, el","27.81"
238,"Castelladral","Sant Miquel","Bages, el","21.18"
239,"Castellar (del Bages)","Sant Miquel","Bages, el","13.34"
240,"Castellbell","Sant Vicenç","Bages, el","24.75"
241,"Castellfollit del Boix","Sant Pere","Bages, el","18.00"
242,"Castellgalí","Sant Miquel","Bages, el","21.39"
243,"Castellnou de Bages","Sant Andreu","Bages, el","15.85"
244,"Castelltallat","Sant Miquel","Bages, el","19.3"
245,"Coaner","Sant Julià","Bages, el","15.39"
246,"Cornet","Santa Maria","Bages, el","16.46"
247,"Coromina, La","Sant Ramon","Bages, el","16.42"
248,"Fonollosa","Santa Creu","Bages, el","22.78"
249,"Gaià","Santa Maria","Bages, el","19.23"
250,"Horta d'Avinyó","Santa Maria","Bages, el","18.8"
251,"Manresa","Mare de Déu de Viladordis","Bages, el","18.58"
252,"Manresa","Santa Maria de Valldaura","Bages, el","24.47"
253,"Manresa","Santa Maria, la Seu","Bages, el","50.5"
254,"Monistrol de Montserrat","Sant Pere","Bages, el","25.2"
255,"Monistrolet","Santa Maria ","Bages, el","20.95"
256,"Mura","Sant Martí","Bages, el","18.02"
257,"Navarcles","Sant Valentí","Bages, el","32.63"
258,"Navàs","Sagrada Família","Bages, el","25.96"
259,"Pont de Vilomara","Santa Maria Magdalena","Bages, el","23.7"
260,"Rajadell","Sant Iscle i santa Victòria","Bages, el","20.85"
261,"Rocafort","Santa Maria","Bages, el","20.44"
262,"Salo","Sants Pere i Feliu","Bages, el","14.85"
263,"Sallent","Santa Maria","Bages, el","38.08"
264,"Sant Feliu Sasserra","Sant Feliu","Bages, el","26.61"
265,"Sant Fruitós de Bages","Sant Fruitós","Bages, el","24.47"
266,"Sant Martí de Torruella","Sant Martí","Bages, el","17.57"
267,"Sant Mateu de Bages","Sant Mateu","Bages, el","17.5"
268,"Sant Salvador de Guardiola","Sant Salvador","Bages, el","22.7"
269,"Sant Vicenç de Castellet","Sant Vicenç","Bages, el","22.34"
270,"Santpedor","Sant Pere","Bages, el","32.24"
271,"Serraïma","Sant Pere","Bages, el","11.06"
272,"Súria","Sant Cristòfol","Bages, el","33.3"
273,"Talamanca","Santa Maria","Bages, el","15.63"
274,"Torres de Fals","Sant Vicenç","Bages, el","15.65"
275,"Vila-ramó","Sant Esteve","Bages, el","11.83"
276,"Vilar, El","Santa Maria","Bages, el","21.91"
277,"Albiol, L'","Sant Miquel","Baix Camp, el","21.03"
278,"Aleixar, L'","Sant Martí","Baix Camp, el","40.00"
279,"Alforja","Sant Miquel","Baix Camp, el","47.3"
280,"Almoster","Sant Miquel","Baix Camp, el","25.03"
281,"Arbocet, L'","Sant Joan","Baix Camp, el","23.39"
282,"Arbolí","Sant Andreu","Baix Camp, el","21.95"
283,"Argentera, L'","Sant Bartomeu","Baix Camp, el","22.72"
284,"Borges del Camp, Les","L'Assumpció","Baix Camp, el","42.37"
285,"Botarell","Sant Llorenç","Baix Camp, el","29.85"
286,"Cambrils","Santa Maria ","Baix Camp, el","28.4"
287,"Capafonts","Santa Maria","Baix Camp, el","30.69"
288,"Castellvell del Camp","Sant Vicenç","Baix Camp, el","23.13"
289,"Colldejou","Sant Llorenç","Baix Camp, el","21.95"
290,"Duesaigües","Santa Maria","Baix Camp, el","24.46"
291,"Febró, La","Sant Esteve","Baix Camp, el","15.56"
292,"Hospitalet de l'Infant, L'","Sant Pere","Baix Camp, el","24.4"
293,"Irles, Les","Santa Antoni de Pàdua","Baix Camp, el","16.5"
294,"Maspujols","L'Assumpció","Baix Camp, el","40.66"
295,"Masriudoms","Sant Jaume","Baix Camp, el","19.28"
296,"Mont-roig del Camp","Sant Miquel","Baix Camp, el","33.21"
297,"Montbrió del Camp","Sant Pere","Baix Camp, el","27.66"
298,"Mussara, La","Sant Salvador","Baix Camp, el","12.33"
299,"Prades","Santa Maria","Baix Camp, el","33.4"
300,"Pratdip","Santa Maria","Baix Camp, el","15.74"
301,"Reus","Sant Pere","Baix Camp, el","63.00"
302,"Riudecanyes","Sant Mateu","Baix Camp, el","28.39"
303,"Riudecols","Sant Pere","Baix Camp, el","26.4"
304,"Riudoms","Sant Jaume","Baix Camp, el","33.75"
305,"Selva del Camp, La","Sant Andreu","Baix Camp, el","26.19"
306,"Vandellós","Sant Andreu","Baix Camp, el","26.61"
307,"Vilanova d'Escornalbou","Sant Joan","Baix Camp, el","22.26"
308,"Vilaplana","La Nativitat de Maria","Baix Camp, el","32.00"
309,"Vinyols","Santa Caterina","Baix Camp, el","36.00"
310,"Aldea, L'  (L'Hostal dels Alls)","Sant Josep","Baix Ebre, el","21.62"
311,"Aldover","La Nativitat de Maria","Baix Ebre, el","22.92"
312,"Alfara de Carles","Sant Agustí","Baix Ebre, el","23.88"
313,"Ametlla del Mar, L'","La Purificació de Maria","Baix Ebre, el","22.86"
314,"Benifallet","L'Assumpció","Baix Ebre, el","29.16"
315,"Bítem","Mare de Déu de l'Oliva","Baix Ebre, el","19.82"
316,"Camarles","Sant Jaume","Baix Ebre, el","25.87"
317,"Cava, La","Sant Miquel","Baix Ebre, el","26.03"
318,"Jesús","Sant Francesc d'Assís","Baix Ebre, el","32.66"
319,"Jesús i Maria","L'Assumpció","Baix Ebre, el","21.86"
320,"Lligallo del Gàngul","Sant Joan Baptista","Baix Ebre, el","10.23"
321,"Perelló, El","L'Assumpció","Baix Ebre, el","21.03"
322,"Reguers, Els","Sant Antoni Abat","Baix Ebre, el","18.34"
323,"Roquetes","Sant Antoni de Pàdua","Baix Ebre, el","27.83"
324,"Tivenys","Sant Miquel","Baix Ebre, el","35.45"
325,"Tortosa","Catedral","Baix Ebre, el","28.66"
326,"Tortosa","Mare de Déu del Roser","Baix Ebre, el","51.28"
327,"Tortosa","Mare de Déu dels Àngels","Baix Ebre, el","30.37"
328,"Tortosa","Sant Blai","Baix Ebre, el","25.03"
329,"Tortosa","Sant Jaume","Baix Ebre, el","25.68"
330,"Xerta","L'Assumpció","Baix Ebre, el","28.37"
331,"Albons","Sant Cugat","Baix Empordà, el","23.89"
332,"Begur","Sant Pere","Baix Empordà, el","30.53"
333,"Bisbal d'Empordà, La","Santa Maria","Baix Empordà, el","45.00"
334,"Calonge de Mar","Sant Martí","Baix Empordà, el","33.76"
335,"Canet de la Tallada","Sant Mateu","Baix Empordà, el","13.39"
336,"Casavells","Sant Genís","Baix Empordà, el","14.85"
337,"Cassà de Pelràs","Sant Martí","Baix Empordà, el","11.53"
338,"Castell d'Aro","La Nativitat de Maria","Baix Empordà, el","32.13"
339,"Castell d'Empordà","Sant Martí","Baix Empordà, el","15.21"
340,"Colomers","Santa Maria","Baix Empordà, el","26.15"
341,"Corçà","Sant Julià i santa Basilissa","Baix Empordà, el","38.55"
342,"Cruïlles","Sant Sadurní","Baix Empordà, el","17.00"
343,"Estartit, L'","Santa Anna","Baix Empordà, el","18.8"
344,"Fitor","Santa Coloma","Baix Empordà, el","18.81"
345,"Fonteta","Santa Maria","Baix Empordà, el","23.66"
346,"Gaüses","Santa Maria","Baix Empordà, el","28.13"
347,"Gualta","Santa Maria","Baix Empordà, el","21.75"
348,"Jafre de Ter","Sant Martí","Baix Empordà, el","28.96"
349,"Llabià","Sant Romà","Baix Empordà, el","19.31"
350,"Llofriu","Sant Fruitós","Baix Empordà, el","21.12"
351,"Matajudaica","Sant Joan","Baix Empordà, el","14.85"
352,"Monells","Sant Genís","Baix Empordà, el","26.45"
353,"Mont-ras","Sant Esteve","Baix Empordà, el","31.55"
354,"Palafrugell","Sant Martí","Baix Empordà, el","39.55"
355,"Palamós","Santa Eugènia","Baix Empordà, el","23.77"
356,"Palamós","Santa Maria","Baix Empordà, el","50.98"
357,"Pals","Sant Pere","Baix Empordà, el","21.28"
358,"Parlavà","Sant Feliu","Baix Empordà, el","27.64"
359,"Pera, La","Sant Isidor","Baix Empordà, el","29.66"
360,"Platja d'Aro-Fenals","Santa Maria","Baix Empordà, el","21.68"
361,"Púbol","Sant Pere","Baix Empordà, el","25.57"
362,"Regencós","Sant Vicenç","Baix Empordà, el","25.34"
363,"Romanyà de la Selva","Sant Martí","Baix Empordà, el","15.2"
364,"Rupià","Santa Vicenç","Baix Empordà, el","33.52"
365,"Sala, La","Santa Maria","Baix Empordà, el","24.5"
366,"Sant Antoni de Calonge","Sant Antoni","Baix Empordà, el","21.3"
367,"Sant Cebrià de Lledó","Sant Cebrià i Sants Cosme i Damià","Baix Empordà, el","19.23"
368,"Sant Climent de Peralta","Sant Climent","Baix Empordà, el","18.23"
369,"Sant Feliu de Guíxols","Mare de Déu dels Àngels","Baix Empordà, el","25.01"
370,"Sant Sadurní de l'Heura","Sant Sadurní","Baix Empordà, el","31.57"
371,"Santa Cristina d'Aro","Santa Cristina","Baix Empordà, el","27.8"
372,"Santa Pellaia","Santa Pellaia","Baix Empordà, el","19.2"
373,"Serra de Daró","Santa Maria","Baix Empordà, el","14.68"
374,"Solius","Santa Agnès, monestir de Santa Maria","Baix Empordà, el","29.33"
375,"Torrent","Sant Vicenç","Baix Empordà, el","24.03"
376,"Torroella de Montgrí","Sant Genís","Baix Empordà, el","36.62"
377,"Ultramort","Santa Eulàlia","Baix Empordà, el","20.08"
378,"Ullà","Santa Maria","Baix Empordà, el","19.49"
379,"Verges","Sant Julià i santa Basilissa","Baix Empordà, el","30.99"
380,"Vilopriu","Sant Pere","Baix Empordà, el","14.55"
381,"Vulpellac","Sant Julià","Baix Empordà, el","22.86"
382,"Abrera","Sant Pere","Baix Llobregat, el","17.85"
383,"Begues","Sant Cristòfol, església nova","Baix Llobregat, el","30.00"
384,"Begues","Sant Cristòfol, església vella","Baix Llobregat, el","16.00"
385,"Castelldefels","Nostra Senyora de Montserrat","Baix Llobregat, el","31.00"
386,"Castelldefels – Bellamar","Santa Eulàlia","Baix Llobregat, el","12.25"
387,"Cervelló","Sant Esteve","Baix Llobregat, el","21.3"
388,"Collbató","Sant Corneli","Baix Llobregat, el","26.75"
389,"Corbera de Baix","Sant Antoni","Baix Llobregat, el","28.00"
390,"Corbera de Dalt","Santa Maria ","Baix Llobregat, el","20.3"
391,"Cornellà de Llobregat","Santa Maria","Baix Llobregat, el","43.5"
392,"Esparreguera","Santa Eulàlia","Baix Llobregat, el","63.00"
393,"Esplugues de Llobregat","Santa Maria Magdalena","Baix Llobregat, el","28.00"
394,"Gavà","Sant Pere","Baix Llobregat, el","34.6"
395,"Martorell","Santa Maria","Baix Llobregat, el","25.00"
396,"Molins de Rei","Sant Bartomeu de la Quadra","Baix Llobregat, el","12.5"
397,"Molins de Rei","Sant Miquel","Baix Llobregat, el","47.00"
398,"Palma de Cervelló,  La","Santa Maria ","Baix Llobregat, el","21.00"
399,"Pallejà","Santa Eulàlia","Baix Llobregat, el","24.56"
400,"Papiol, El","Santa Eulàlia","Baix Llobregat, el","25.4"
401,"Prat de Llobregat, El","Sant Pere i sant Pau","Baix Llobregat, el","29.00"
402,"Sant Andreu de la Barca","Sant Andreu","Baix Llobregat, el","37.5"
403,"Sant Boi de Llobregat","Sant Baldiri","Baix Llobregat, el","45.00"
404,"Sant Climent de Llobregat","Sant Climent","Baix Llobregat, el","20.6"
405,"Sant Esteve Sesrovires","Sant Esteve","Baix Llobregat, el","35.00"
406,"Sant Feliu de Llobregat","Sant Joan","Baix Llobregat, el","9.75"
407,"Sant Feliu de Llobregat","Sant Llorenç, catedral","Baix Llobregat, el","40.2"
408,"Sant Joan Despí","Sant Joan","Baix Llobregat, el","24.00"
409,"Sant Just Desvern","Sant Just","Baix Llobregat, el","22.5"
410,"Sant Vicenç dels Horts","Sant Vicenç","Baix Llobregat, el","30.00"
411,"Santa Coloma de Cervelló","Sagrat Cor","Baix Llobregat, el","15.00"
412,"Santa Coloma de Cervelló","Santa Coloma","Baix Llobregat, el","16.6"
413,"Torrelles de Llobregat","Sant Martí","Baix Llobregat, el","37.00"
414,"Vallirana","Sant Mateu","Baix Llobregat, el","29.00"
415,"Viladecans","Montserratina, en projecte","Baix Llobregat, el","20.00"
416,"Viladecans","Sant Joan","Baix Llobregat, el","34.75"
417,"Albinyana","Sant Bartomeu","Baix Penedès, el","38.8"
418,"Arboç, L'","Sant Julià","Baix Penedès, el","27.73"
419,"Banyeres del Penedès","Santa Eulàlia","Baix Penedès, el","18.93"
420,"Bisbal del Penedès, La","Santa Maria","Baix Penedès, el","29.6"
421,"Bonastre","Santa Magdalena","Baix Penedès, el","31.72"
422,"Calafell","Santa Creu","Baix Penedès, el","28.06"
423,"Coma-ruga","Sant Ramon","Baix Penedès, el","27.39"
424,"Cunit","Sant Cristòfol","Baix Penedès, el","20.76"
425,"Juncosa de Montmell","Sant Miquel","Baix Penedès, el","15.56"
426,"Llorenç del Penedès","Sant Llorenç","Baix Penedès, el","34.42"
427,"Marmellar","Sant Miquel","Baix Penedès, el","23.23"
428,"Masllorenç","Sant Ramon","Baix Penedès, el","41.69"
429,"Sant Jaume dels Domenys","Sant Jaume","Baix Penedès, el","24.27"
430,"Vendrell, El","Sant Salvador","Baix Penedès, el","52.24"
431,"Badalona, barri de la Salut","Mare de Déu de la Salut","Barcelonès, el","25.00"
432,"Badalona, barri Lloreda","Mare de Déu del Roser","Barcelonès, el","31.7"
433,"Badalona, barri Pomar","Sant Sebastià","Barcelonès, el","16.13"
434,"Badalona, c. Enric Borràs","Sant Josep","Barcelonès, el","46.2"
435,"Badalona, centre antic","Santa Maria","Barcelonès, el","41.53"
436,"Barcelona- La Bonanova","Mare de Déu de la Bonanova","Barcelonès, el","59.46"
437,"Barcelona-Baró de Viver","Mare de Déu de l'Esperança","Barcelonès, el","19.41"
438,"Barcelona-Canyelles","Sant Narcís","Barcelonès, el","17.5"
439,"Barcelona-Ciutat Vella","Catedral Basílica, Santa Creu, campanar claustre","Barcelonès, el","54.87"
440,"Barcelona-Ciutat Vella","Catedral Basílica, Santa Creu, campanar porta Sant Iu","Barcelonès, el","60.61"
441,"Barcelona-Ciutat Vella","Mare de Déu de la Mercè","Barcelonès, el","39.4"
442,"Barcelona-Ciutat Vella","Sant Jaume","Barcelonès, el","31.76"
443,"Barcelona-Ciutat Vella","Sant Just i sant Pastor","Barcelonès, el","41.8"
444,"Barcelona-Ciutat Vella","Santa Anna","Barcelonès, el","18.00"
445,"Barcelona-Ciutat Vella","Santa Maria del Mar (dos campanars)","Barcelonès, el","42.00"
446,"Barcelona-Ciutat Vella","Santa Maria del Pi","Barcelonès, el","54.00"
447,"Barcelona-Collblanc","Sant Ramon Nonat","Barcelonès, el","31.47"
448,"Barcelona-Eixample","Immacualat Cor de Maria","Barcelonès, el","26.86"
449,"Barcelona-Eixample","Nostra Senyora dels Àngels","Barcelonès, el","41.37"
450,"Barcelona-Eixample","Puríssima Concepció","Barcelonès, el","45.00"
451,"Barcelona-Eixample","Sagrada Família, campanars centrals","Barcelonès, el","117.00"
452,"Barcelona-Eixample","Sagrada Família, campanars laterals","Barcelonès, el","98.00"
453,"Barcelona-Eixample","Sant Francesc de Sales","Barcelonès, el","50.29"
454,"Barcelona-Eixample","Sant Josep Oriol","Barcelonès, el","42.55"
455,"Barcelona-El Coll","Mare de Déu del Coll","Barcelonès, el","18.28"
456,"Barcelona-El Coll","Mare de Déu del Mont Carmel","Barcelonès, el","24.17"
457,"Barcelona-El Raval","Sant Pau del Camp","Barcelonès, el","21.00"
458,"Barcelona-El Raval, Rambla","Mare de Déu de Betlem","Barcelonès, el","32.38"
459,"Barcelona-Gràcia","Sant Joan","Barcelonès, el","30.59"
460,"Barcelona-Gràcia","Santa Teresa de l'Infant Jesús","Barcelonès, el","45.57"
461,"Barcelona-Guinardó","Mare de Déu de Montserrat","Barcelonès, el","32.1"
462,"Barcelona-Guinardó","Santa Isabel d'Aragó","Barcelonès, el","29.84"
463,"Barcelona-Horta","Sant Joan","Barcelonès, el","20.55"
464,"Barcelona-Horta-Guinardó","Santa Teresa de Jesús","Barcelonès, el","17.82"
465,"Barcelona-La Guineueta","Sant Mateu","Barcelonès, el","20.45"
466,"Barcelona-La Sagrera","Crist Rei","Barcelonès, el","31.56"
467,"Barcelona-La Vall d'Hebron","Sant Genís dels Agudells","Barcelonès, el","19.83"
468,"Barcelona-Montjuïc","Mare de Déu de Lourdes","Barcelonès, el","18.41"
469,"Barcelona-Pedralbes","Maria Reina","Barcelonès, el","31.6"
470,"Barcelona-Pedralbes","Sant Ot","Barcelonès, el","73.7"
471,"Barcelona-Poble Sec","Mare de Deú del Carme","Barcelonès, el","42.51"
472,"Barcelona-Poble Sec","Santa Madrona","Barcelonès, el","49.62"
473,"Barcelona-Polblenou","Sagrat Cor","Barcelonès, el","36.93"
474,"Barcelona-Polblenou","Sant Francesc d'Assís","Barcelonès, el","31.25"
475,"Barcelona-Polblenou","Santa Maria del Taulat","Barcelonès, el","36.29"
476,"Barcelona-Provençals","Sant Ambròs","Barcelonès, el","14.5"
477,"Barcelona-Provençals","Sant Martí","Barcelonès, el","28.62"
478,"Barcelona-Rambles-Ronda","Sant Pere Nolasc","Barcelonès, el","29.26"
479,"Barcelona-Sant Andreu","El Bon Pastor","Barcelonès, el","29.21"
480,"Barcelona-Sant Andreu","Sant Andreu de Palomar","Barcelonès, el","40.96"
481,"Barcelona-Sant Andreu","Sant Pacià","Barcelonès, el","34.00"
482,"Barcelona-Sant Gervasi","Sant Gregori Taumaturg","Barcelonès, el","20.06"
483,"Barcelona-Sants","Mare de Déu dels Dolors","Barcelonès, el","13.7"
484,"Barcelona-Sants","Sant Joan Maria Vianney","Barcelonès, el","26.15"
485,"Barcelona-Sants-Collblanc","Sant Àngel Custodi","Barcelonès, el","44.59"
486,"Barcelona-Sants-La Bordeta","Sant Medir","Barcelonès, el","36.98"
487,"Barcelona-Sarrià","Maria Auxiliadora","Barcelonès, el","37.38"
488,"Barcelona-Sarrià","Santa Maria de Pedralbes","Barcelonès, el","38.34"
489,"Barcelona-Sarrià","Santa Maria del Remei","Barcelonès, el","41.91"
490,"Barcelona-Sarrià","Santa Tecla","Barcelonès, el","29.69"
491,"Barcelona-Sarrià","Santa Vicenç de Sarrià","Barcelonès, el","43.66"
492,"Barcelona-Trinitat Vella","Santíssima Trinitat","Barcelonès, el","22.82"
493,"Barcelona-Trinitat-Roquetes","Santa Engràcia","Barcelonès, el","21.96"
494,"Barcelona-Vallvidrera","Sant Joan de la Creu","Barcelonès, el","12.03"
495,"Barcelona-Vallvidrera","Santa Creu d'Olorda","Barcelonès, el","13.21"
496,"Barcelona-Vallvidrera","Santa Maria, església vella","Barcelonès, el","14.75"
497,"Barcelona-Vila Olímpica","Patriarca Abraham","Barcelonès, el","28.38"
498,"Barcelona-Vilapicina-Congrés","Sant Pius X","Barcelonès, el","40.47"
499,"Barcelona-Zona Franca","Mare de Déu del Port","Barcelonès, el","7.06"
500,"Hospitalet de Llobregat, L'","Mare de Déu de la Llum","Barcelonès, el","24.65"
501,"Hospitalet de Llobregat, L'","Mare de Déu dels Desemparats","Barcelonès, el","40.18"
502,"Hospitalet de Llobregat, L'","Santa Eulàlia de Mèrida","Barcelonès, el","58.68"
503,"Hospitalet de Llobregat, L'","Santa Eulàlia de Provençana","Barcelonès, el","31.57"
504,"Sant Adrià del Besòs","Sant Adrià","Barcelonès, el","27.13"
505,"Sant Adrià del Besòs","Sant Joan Baptista","Barcelonès, el","34.94"
506,"Santa Coloma de Gramenet","Santa Coloma","Barcelonès, el","57.75"
507,"Ametlla de Casserres","Nostra Senyora del Roser","Berguedà, el","33.65"
508,"Avià","Sant Martí","Berguedà, el","24.68"
509,"Bagà","Sant Esteve","Berguedà, el","27.79"
510,"Berga","Santa Eulàlia","Berguedà, el","23.4"
511,"Borredà","Santa Maria","Berguedà, el","27.00"
512,"Capolat","Sant Martí","Berguedà, el","16.82"
513,"Casserres","Mare de Déu dels Àngels","Berguedà, el","23.14"
514,"Castell de l'Areny","Sant Ramon i sant Vicenç","Berguedà, el","18.5"
515,"Castellar de n'Hug","Santa Maria","Berguedà, el","24.09"
516,"Cercs","Santa Maria","Berguedà, el","18.97"
517,"Correà","Sant Martí","Berguedà, el","17.42"
518,"Esglesiola, L'","Sant Pere","Berguedà, el","16.6"
519,"Espà, L'","Sant Andreu","Berguedà, el","16.61"
520,"Espinalbet","Sant Vicenç","Berguedà, el","17.73"
521,"Espunyola, L'  ","Sant Climent","Berguedà, el","13.82"
522,"Fígols","Santa Cecília","Berguedà, el","16.33"
523,"Gargallà","Sant Andreu","Berguedà, el","16.32"
524,"Gironella","Santa Eulàlia","Berguedà, el","42.78"
525,"Gisclareny","Nostra Senyora del Roser","Berguedà, el","14.88"
526,"Gósol","L'Assumpció","Berguedà, el","28.87"
527,"Guàrdia, La","Nostra Senyora del Roser","Berguedà, el","21.93"
528,"Guardiola de Berguedà","Sant Llorenç","Berguedà, el","22.4"
529,"Llinars de Berguedà o de l'Aiguadora","Santa Maria","Berguedà, el","18.36"
530,"Maçaners","Sant Sadurní","Berguedà, el","16.5"
531,"Malanyeu","Sant Sadurní","Berguedà, el","15.07"
532,"Montclar","Sant Martí","Berguedà, el","11.63"
533,"Montmajor","Sant Sadurní","Berguedà, el","18.29"
534,"Nou de Berguedà, La","Sant Martí","Berguedà, el","21.35"
535,"Olvan","L'Assumpció","Berguedà, el","26.15"
536,"Pobla de Lillet, La   ","Santa Maria","Berguedà, el","29.16"
537,"Puig-reig","Sant Martí","Berguedà, el","35.66"
538,"Quar, La","Sant Maurici","Berguedà, el","17.63"
539,"Sagàs","Sant Andreu","Berguedà, el","22.39"
540,"Saldes","Sant Martí","Berguedà, el","21.71"
541,"Salselles","Santa Maria","Berguedà, el","19.65"
542,"Sant Feliu de Lluelles","Sant Feliu","Berguedà, el","15.51"
543,"Sant Julià de Cerdanyola","Sant Julià","Berguedà, el","18.58"
544,"Sant Martí de Marlès","Sant Martí","Berguedà, el","13.98"
545,"Sant Pau de Pinós","Sant Pau","Berguedà, el","12.22"
546,"Santa Maria de Merlès","Santa Maria","Berguedà, el","20.92"
547,"Serrateix","Santa Maria, ex monestir","Berguedà, el","19.6"
548,"Sorba","Santa Maria","Berguedà, el","23.19"
549,"Vallcebre","Santa Maria","Berguedà, el","17.21"
550,"Valldan, La","Sant Bartomeu","Berguedà, el","14.6"
551,"Vilada","Sant Joan","Berguedà, el","33.5"
552,"Viver","Sant Miquel","Berguedà, el","23.87"
553,"Alp","Sant Pere","Cerdanya, la","32.59"
554,"All","Santa Maria","Cerdanya, la","16.45"
555,"Arànser","Sant Martí","Cerdanya, la","24.05"
556,"Baltarga","Sant Andreu","Cerdanya, la","14.53"
557,"Bellver (de Cerdanya)","Santa Maria","Cerdanya, la","24.19"
558,"Bolvir","Santa Cecília","Cerdanya, la","29.27"
559,"Das","Sant Llorenç","Cerdanya, la","30.39"
560,"Éller","Santa Eulàlia","Cerdanya, la","11.7"
561,"Estoll","Santa Eulàlia de Mèrida","Cerdanya, la","16.72"
562,"Ger","Santa Coloma","Cerdanya, la","20.43"
563,"Isòvol","Sant Miquel, campanar a mig fer","Cerdanya, la","9.63"
564,"Lles","Sant Pere","Cerdanya, la","20.96"
565,"Llívia","Mare de Déu dels Àngels","Cerdanya, la","35.01"
566,"Martinet","Sant Eloi","Cerdanya, la","16.85"
567,"Meranges","Sant Serni","Cerdanya, la","32.7"
568,"Montellà","Sant Sadurní","Cerdanya, la","22.21"
569,"Músser  (Mussa)","Santa Maria","Cerdanya, la","18.13"
570,"Olopte","Sant Pere","Cerdanya, la","16.73"
571,"Pi","Santa Eulàlia","Cerdanya, la","18.71"
572,"Prullans","Sant Esteve","Cerdanya, la","20.48"
573,"Puigcerdà","Santa Maria","Cerdanya, la","37.72"
574,"Saneja","Sant Vicenç","Cerdanya, la","18.38"
575,"Santa Eugènia de Nerellà","Santa Eugènia","Cerdanya, la","18.52"
576,"Talltendre","Sant Iscle i santa Victòria","Cerdanya, la","13.47"
577,"Talltorta","Sant Climent","Cerdanya, la","15.13"
578,"Urtx","Sant Martí","Cerdanya, la","21.4"
579,"Urús","Sant Climent","Cerdanya, la","21.55"
580,"Aguiló","Sant Vicenç","Conca de Barberà, la","27.13"
581,"Albió","Sant Gil","Conca de Barberà, la","14.91"
582,"Barberà de la Conca","Santa Maria","Conca de Barberà, la","37.56"
583,"Belltall","Sant Pere","Conca de Barberà, la","30.59"
584,"Biure de Gaià","Sant Joan","Conca de Barberà, la","19.9"
585,"Blancafort","Santa Magdalena","Conca de Barberà, la","38.58"
586,"Cirera, La","Santa Maria","Conca de Barberà, la","20.26"
587,"Conesa","Santa Maria","Conca de Barberà, la","32.5"
588,"Espluga de Francolí, L'","Sant Miquel","Conca de Barberà, la","41.91"
589,"Forès","Sant Miquel","Conca de Barberà, la","25.27"
590,"Glorieta","Santa Maria","Conca de Barberà, la","10.53"
591,"Llorac","Sant Joan","Conca de Barberà, la","17.81"
592,"Montbrió dela Marca","Sant Llorenç","Conca de Barberà, la","11.5"
593,"Ollers","Santa Maria","Conca de Barberà, la","15.63"
594,"Passanant","Sant Jaume","Conca de Barberà, la","27.2"
595,"Piles, Les","Sant Martí","Conca de Barberà, la","19.28"
596,"Pira","Sant Salvador","Conca de Barberà, la","29.73"
597,"Rocafort de Queralt","Sant Salvador","Conca de Barberà, la","39.52"
598,"Rocamora","Sant Magí, santuari de Brufaganya","Conca de Barberà, la","17.19"
599,"Rojals","Sant Salvador","Conca de Barberà, la","13.59"
600,"Santa Coloma de Queralt","Santa Coloma","Conca de Barberà, la","42.6"
601,"Sarral","Santa Maria","Conca de Barberà, la","40.68"
602,"Savallà del Comtat","Sant Pere","Conca de Barberà, la","18.66"
603,"Segura","L'Assumpció","Conca de Barberà, la","20.81"
604,"Solivella","L'Assumpció","Conca de Barberà, la","31.88"
605,"Vallclara","Sant Joan","Conca de Barberà, la","32.19"
606,"Vallfogona de Riucorb","Santa Maria","Conca de Barberà, la","25.81"
607,"Vilanova de Prades","Sant Salvador","Conca de Barberà, la","31.99"
608,"Vimbodí","La Transfiguració","Conca de Barberà, la","20.98"
609,"Canyelles","Santa Magdalena","Garraf, el","18.95"
610,"Clariana de Garraf","Mare de Déu de Montserrat","Garraf, el","26.58"
611,"Cubelles","Santa Maria","Garraf, el","41.68"
612,"Garraf","Santa Maria","Garraf, el","13.19"
613,"Olivella","Sant Pere i sant Feliu","Garraf, el","12.16"
614,"Roquetes, Les","Santa Eulàlia","Garraf, el","14.73"
615,"Sant Pere de Ribes","Sant Pere","Garraf, el","46.41"
616,"Sitges","Sant Bartomeu i santa Tecla","Garraf, el","40.12"
617,"Vilanova i la Geltrú","La Immaculada","Garraf, el","32.07"
618,"Vilanova i la Geltrú","Sant Antoni Abat","Garraf, el","52.44"
619,"Vilanova i la Geltrú","Santa Maria","Garraf, el","32.99"
620,"Albagés, L'","Sant Joan Baptista","Garrigues, les","30.68"
621,"Albi, L'","Santa Maria","Garrigues, les","39.5"
622,"Arbeca","Sant Jaume","Garrigues, les","19.55"
623,"Bellaguarda","Sant Antoni Abat","Garrigues, les","26.1"
624,"Borges Blanques, Les","L'Assumpció","Garrigues, les","45.39"
625,"Bovera","Sant Josep","Garrigues, les","26.57"
626,"Castelldans","L'Assumpció","Garrigues, les","21.71"
627,"Cervià de les Garrigues","Sant Miquel","Garrigues, les","31.01"
628,"Cogul, El","L'Assumpció","Garrigues, les","28.92"
629,"Espluga Calba, L'","Santa Maria","Garrigues, les","41.33"
630,"Floresta, La","Sant Blai","Garrigues, les","19.9"
631,"Granadella, La","Mare de Déu de Gràcia","Garrigues, les","45.93"
632,"Granyena de les Garrigues","Sant Miquel Arcàngel","Garrigues, les","22.86"
633,"Juncosa","La Nativitat de Maria","Garrigues, les","26.6"
634,"Juneda","La Transfiguració","Garrigues, les","33.5"
635,"Omellons, Els","Sant Miquel","Garrigues, les","24.94"
636,"Pobla de Cérvoles, La","Mare de Déu de la Jonquera","Garrigues, les","22.33"
637,"Puiggròs","L'Assumpció","Garrigues, les","17.36"
638,"Soleràs, El","L'Assumpció","Garrigues, les","29.7"
639,"Tarrés","Santa Maria","Garrigues, les","34.59"
640,"Torms, Els","Sant Joan Baptista","Garrigues, les","26.79"
641,"Vilosell, El","Santa Maria","Garrigues, les","26.21"
642,"Argelaguer","Sant Damas","Garrotxa, la","25.85"
643,"Batet de la Serra","Santa Maria","Garrotxa, la","18.5"
644,"Begudà","Santa Eulàlia de Mèrida","Garrotxa, la","16.74"
645,"Besalú","Sant Pere, antic monestir avui sense culte","Garrotxa, la","28.39"
646,"Besalú","Sant Vicenç","Garrotxa, la","24.00"
647,"Beuda","Sant Feliu","Garrotxa, la","19.77"
648,"Capsec","Sant Martí","Garrotxa, la","17.72"
649,"Castellar de la Muntanya","Santa Maria","Garrotxa, la","12.3"
650,"Castellfollit de la Roca","Santíssim Salvador","Garrotxa, la","17.45"
651,"Cogolls","Sant Cristòfol","Garrotxa, la","19.5"
652,"Dosquers","Sant Martí","Garrotxa, la","13.8"
653,"Encies, Les","Santa Maria","Garrotxa, la","25.00"
654,"Falgars d'en Bas","Sant Pere","Garrotxa, la","15.92"
655,"Hostalets d'en Bas","Santa Maria","Garrotxa, la","25.36"
656,"Joanetes","Sant Romà","Garrotxa, la","21.05"
657,"Lligordà","Sant Pere","Garrotxa, la","15.13"
658,"Maià de Montcal","Sant Vicenç","Garrotxa, la","23.6"
659,"Mallol, El","Sant Bartomeu","Garrotxa, la","23.66"
660,"Miana, La","Sant Miquel","Garrotxa, la","17.54"
661,"Mieres","Sant Pere","Garrotxa, la","30.5"
662,"Montagut","Sant Pere","Garrotxa, la","31.67"
663,"Olot","Sant Cristòfol les Fonts","Garrotxa, la","14.2"
664,"Olot","Sant Esteve","Garrotxa, la","42.00"
665,"Pinya, La","Santa Maria","Garrotxa, la","23.38"
666,"Planes d'Hostoles, Les","Sant Cristòfol","Garrotxa, la","27.1"
667,"Preses, Les","Sant Pere","Garrotxa, la","25.00"
668,"Puigpardines","Santa Maria","Garrotxa, la","22.77"
669,"Ridaura","Santa Maria","Garrotxa, la","26.07"
670,"Sadernes","Santa Cecília","Garrotxa, la","18.66"
671,"Sales de Llierca","Sant Martí","Garrotxa, la","16.9"
672,"Sant Aniol de Finestres","Sant Aniol","Garrotxa, la","20.00"
673,"Sant Esteve d'en Bas","Sant Esteve","Garrotxa, la","20.00"
674,"Sant Esteve de Llèmena","Sant Esteve","Garrotxa, la","17.2"
675,"Sant Feliu de Pallerols","Sant Feliu","Garrotxa, la","30.00"
676,"Sant Jaume de Llierca","Sant Jaume","Garrotxa, la","23.00"
677,"Sant Joan les Fonts","Sant Esteve, monestir","Garrotxa, la","27.35"
678,"Sant Joan les Fonts","Sant Joan","Garrotxa, la","35.77"
679,"Sant Martí del Clot","Sant Martí","Garrotxa, la","16.00"
680,"Sant Miquel de Pineda","Sant Miquel","Garrotxa, la","16.61"
681,"Sant Miquel de Sacot","Sant Miquel","Garrotxa, la","22.7"
682,"Sant Pere Despuig","Sant Pere","Garrotxa, la","17.22"
683,"Sant Privat d'en Bas","Sant Privat","Garrotxa, la","27.02"
684,"Sant Salvador de Bianya","Sant Salvador","Garrotxa, la","14.73"
685,"Santa Margarida de Bianya","Sant Margarida","Garrotxa, la","17.34"
686,"Santa Pau","Santa Maria","Garrotxa, la","27.5"
687,"Segueró","Santa Maria, espadanya closa","Garrotxa, la","12.6"
688,"Torn, El","Sant Andreu","Garrotxa, la","20.00"
689,"Tortellà","Santa Maria","Garrotxa, la","25.24"
690,"Adri","Sant Llorenç","Gironès, el","21.74"
691,"Aiguaviva","Sant Joan Baptista","Gironès, el","28.89"
692,"Bescanó","Sant Llorenç","Gironès, el","30.00"
693,"Bordils","Sant Esteve","Gironès, el","34.79"
694,"Campdorà","Sant Jaume","Gironès, el","19.18"
695,"Campllong","Sant Quirze i santa Julita","Gironès, el","22.25"
696,"Canet d'Adri","Sant Vicenç","Gironès, el","19.94"
697,"Cartellà","Sant Feliu","Gironès, el","25.36"
698,"Cassà de la Selva","Sant Martí","Gironès, el","47.3"
699,"Castellar de la Selva","Sant Martí","Gironès, el","18.26"
700,"Celrà","Sant Feliu","Gironès, el","37.33"
701,"Cervià de Ter","Sant Genís","Gironès, el","15.18"
702,"Estanyol","Sant Andreu","Gironès, el","22.4"
703,"Fellines","Sant Martí","Gironès, el","16.66"
704,"Flaçà","Sant Cebrià","Gironès, el","26.95"
705,"Fornells de la Selva","Sant Cugat","Gironès, el","32.93"
706,"Ginestar","Mare de Déu de la Cinta","Gironès, el","11.87"
707,"Girona","Catedral Basílica de l'Assumpció, campanar renaixentista","Gironès, el","69.91"
708,"Girona","Catedral Basílica de l'Assumpció, campanar romànic","Gironès, el","39.7"
709,"Girona","Sant Feliu la Major","Gironès, el","65.00"
710,"Girona","Sant Josep","Gironès, el","38.51"
711,"Girona","Sant Narcís","Gironès, el","19.23"
712,"Girona, Mercadal","Santa Susanna","Gironès, el","29.51"
713,"Girona, Palau-sacosta","Sant Miquel","Gironès, el","26.57"
714,"Girona, Pont Major","La Pietat","Gironès, el","14.3"
715,"Girona, Pujada de Sant Martí","Mare de Déu del Carme","Gironès, el","30.02"
716,"Granollers de Rocacorba","L'Assumpció","Gironès, el","21.32"
717,"Juià","Sant Pere","Gironès, el","23.25"
718,"Llagostera","Sant Feliu","Gironès, el","38.66"
719,"Llambilles","Sant Cristòfol","Gironès, el","22.55"
720,"Llorà","Sant Pere","Gironès, el","28.17"
721,"Madremanya","Sant Esteve","Gironès, el","28.41"
722,"Medinyà","Sant Sadurní","Gironès, el","21.37"
723,"Montcal","Santa Cecília","Gironès, el","17.81"
724,"Montfullà","Sant Pere","Gironès, el","18.00"
725,"Montnegre, mn. Sant Celoni","Sant Mateu","Gironès, el","23.5"
726,"Palol d'Onyar","Sant Sadurní","Gironès, el","18.29"
727,"Quart","Santa Margarida","Gironès, el","22.18"
728,"Rocacorba","Santa Maria","Gironès, el","9.58"
729,"Salt","Sant Cugat","Gironès, el","30.6"
730,"Sant Andreu Salou","Sant Andreu","Gironès, el","21.28"
731,"Sant Gregori","Sant Gregori","Gironès, el","22.9"
732,"Sant Joan de Mollet","Sant Joan","Gironès, el","31.32"
733,"Sant Jordi Desvalls","Sant Jordi de Sabadell","Gironès, el","26.8"
734,"Sant Julià de Ramis","Sant Julià i santa Basilissa","Gironès, el","13.23"
735,"Sant Martí de Llèmena","Sant Martí","Gironès, el","24.8"
736,"Sant Martí Vell","Sant Martí","Gironès, el","35.67"
737,"Sant Medir","Sant Medir","Gironès, el","25.05"
738,"Sarrià de Dalt","Sant Pau","Gironès, el","20.91"
739,"Sarrià de Ter","Mare de Déu de la Misericòrdia","Gironès, el","26.00"
740,"Serres, Les","Santa Cecília","Gironès, el","13.82"
741,"Taialà","Sant Narcís","Gironès, el","19.19"
742,"Vilablareix","Sant Menna","Gironès, el","27.9"
743,"Viladasens","Sant Vicenç","Gironès, el","22.84"
744,"Vilanna","Sant Mateu","Gironès, el","21.56"
745,"Alella","Sant Vicenç","Maresme, el","18.25"
746,"Arenys de Mar","Santa Maria","Maresme, el","46.6"
747,"Arenys de Munt","Sant Martí","Maresme, el","23.5"
748,"Argentona","Sant Julià","Maresme, el","24.2"
749,"Cabrera de Mar","Sant Feliu","Maresme, el","20.86"
750,"Cabrils","Santa Creu","Maresme, el","27.00"
751,"Caldes d'Estrac","Santa Maria","Maresme, el","28.3"
752,"Calella","Santa Maria","Maresme, el","47.05"
753,"Canet de Mar","Sant Pere","Maresme, el","46.96"
754,"Dosrius","Sant Iscle","Maresme, el","25.2"
755,"Far, El  (Alfar)","Santa Andreu","Maresme, el","13.6"
756,"Hortsavinyà","Santa Eulàlia","Maresme, el","24.32"
757,"Malgrat de Mar","Sant Nicolau","Maresme, el","34.8"
758,"Masnou, El","Mare de Déu del Pilar","Maresme, el","17.9"
759,"Masnou, El","Sant Pere","Maresme, el","34.83"
760,"Mataró","Sagrada Família","Maresme, el","20.64"
761,"Mataró","Santa Maria","Maresme, el","34.6"
762,"Montgat","Sant Joan","Maresme, el","29.42"
763,"Òrrius","Sant Andreu","Maresme, el","17.00"
764,"Palafolls","Santa Maria","Maresme, el","23.45"
765,"Pineda de Mar","Santa Maria","Maresme, el","34.6"
766,"Premià de Dalt","Sant Pere","Maresme, el","30.65"
767,"Premià de Mar","Sant Cristòfol","Maresme, el","38.54"
768,"Sant Andreu de Llavaneres","Sant Andreu","Maresme, el","33.04"
769,"Sant Cebrià de Vallalta","Sant Cebrià","Maresme, el","27.13"
770,"Sant Genís de Palafolls","Sant Genís","Maresme, el","19.6"
771,"Sant Iscle de Vallalta","Sant Iscle","Maresme, el","18.35"
772,"Sant Pere de Riudebitlles","Sant Pere","Maresme, el","20.65"
773,"Sant Pol de Mar","Sant Jaume","Maresme, el","24.25"
774,"Sant Vicenç de Montalt","Sant Vicenç","Maresme, el","24.5"
775,"Santa Susanna","Santa Susanna","Maresme, el","19.5"
776,"Teià","Sant Martí","Maresme, el","25.98"
777,"Tiana","Sant Cebrià","Maresme, el","36.35"
778,"Tordera","Sant Esteve","Maresme, el","33.4"
779,"Vallmanya","Sant Miquel","Maresme, el","19.00"
780,"Vilassar de Dalt","Sant Genís","Maresme, el","34.14"
781,"Vilassar de Mar","Sant Joan","Maresme, el","25.26"
782,"Bertí","Sant Pere","Moianès, el","13.14"
783,"Castellterçol","Sant Fructuós","Moianès, el","32.5"
784,"Collsuspina","Santa Maria dels Socors","Moianès, el","21.55"
785,"Ferrerons","Sant Pere","Moianès, el","17.31"
786,"Granera","Sant Martí","Moianès, el","13.5"
787,"Marfà","Sant Pere","Moianès, el","11.32"
788,"Moià","Santa Maria","Moianès, el","52,0"
789,"Monistrol de Calders","Sant Feliu","Moianès, el","31.08"
790,"Rodors","Sant Feliu","Moianès, el","15.66"
791,"Sant Feliuet de Terrassola","Sant Feliu","Moianès, el","18.6"
792,"Sant Joan d'Oló","Sant Joan","Moianès, el","13.38"
793,"Sant Julià d'Úixols","Sant Julià","Moianès, el","15.98"
794,"Sant Quirze Safaja","Sant Quirze","Moianès, el","25.06"
795,"Santa Coloma Sasserra","Santa Coloma","Moianès, el","12.2"
796,"Santa Maria d'Oló","L'Assumpció","Moianès, el","34.88"
797,"Alcanar","Sant Miquel","Montsià, el","32.65"
798,"Amposta","L'Assumpció","Montsià, el","18.14"
799,"Freginals","Sant Bartomeu","Montsià, el","26.41"
800,"Godall","La Transfiguració","Montsià, el","25.26"
801,"Mas de Barberans","Santa Maria","Montsià, el","20.37"
802,"Masdenverge","Mare de Déu del Roser","Montsià, el","20.4"
803,"Pas, El","Sant Joan","Montsià, el","18.02"
804,"Poblenou del Delta","Mare de Déu de la Cinta","Montsià, el","29.92"
805,"Sant Carles de la Ràpita","La Santíssima Trinitat","Montsià, el","29.94"
806,"Sant Carles de la Ràpita","Sant Carles","Montsià, el","24.3"
807,"Santa Bàrbara","Santa Bàrbara","Montsià, el","29.99"
808,"Sènia, La","Sant Bartomeu","Montsià, el","36.93"
809,"Ulldecona","Sant Lluc","Montsià, el","29.95"
810,"Valentins, Els","Sant Antoni de Pàdua","Montsià, el","16.08"
811,"Àger","Sant Vicenç","Noguera, la","17.29"
812,"Alentorn","Sant Salvador","Noguera, la","25.17"
813,"Alfarràs","Sant Pere, espadanya","Noguera, la","12.00"
814,"Algerri","Santa Maria","Noguera, la","28.78"
815,"Alòs de Baleguer","Sant Feliu","Noguera, la","24.86"
816,"Ametlla de Montsec","Sant Josep","Noguera, la","16.65"
817,"Artesa de Segre","L'Assumpció","Noguera, la","30.25"
818,"Balaguer","El Sagrat Cor","Noguera, la","30.00"
819,"Balaguer","Santa Maria","Noguera, la","40.00"
820,"Baldomar","L'Assumpció","Noguera, la","17.87"
821,"Baronia de Sant Oïsme","Sant Oïsme","Noguera, la","10.71"
822,"Bellcaire d'Urgell","Santa Maria","Noguera, la","24.00"
823,"Bellmunt d'Urgell","Sant Josep","Noguera, la","19.49"
824,"Butsènit d'Urgell","L'Assumpció","Noguera, la","34.02"
825,"Cabanabona","Sant Joan","Noguera, la","17.00"
826,"Camarasa","Sant Miquel","Noguera, la","23.54"
827,"Clua","Sant Julià","Noguera, la","13.21"
828,"Corçà","Mare de Déu del Roser","Noguera, la","13.85"
829,"Coscó","L'Assumpció","Noguera, la","18.12"
830,"Cubells","Sant Pere","Noguera, la","27.02"
831,"Fontllonga","Sant Miquel","Noguera, la","18.12"
832,"Gerb","Sant Salvador","Noguera, la","23.55"
833,"Ivars de Noguera","L'Assumpció","Noguera, la","26.03"
834,"Lluçars","Sant Pere","Noguera, la","11.26"
835,"Menàrguens","L'Assumpció","Noguera, la","25.59"
836,"Montgai","L'Assumpció","Noguera, la","60.00"
837,"Oliola","Sant Tirs","Noguera, la","25.5"
838,"Os de Balaguer","Sant Miquel","Noguera, la","32.38"
839,"Pallerols","Sant Esteve","Noguera, la","13.75"
840,"Penelles","Sant Joan Baptista","Noguera, la","32.28"
841,"Ponts","Santa Maria","Noguera, la","28.2"
842,"Pradell de Sió","L'Assumpció","Noguera, la","17.25"
843,"Preixens","Sant Pere","Noguera, la","13.74"
844,"Puig de Ribalb","Sant Andreu","Noguera, la","11.05"
845,"Ribelles","L'Assumpció","Noguera, la","36.39"
846,"Sant Llorenç de Montgai","L'Assumpció","Noguera, la","17.75"
847,"Santa Linya","L'Assumpció","Noguera, la","22.11"
848,"Santa Maria de Meià","La Immaculada","Noguera, la","26.41"
849,"Sentiu de Sió, La","Sant Miquel","Noguera, la","21.62"
850,"Seró","L'Assumpció","Noguera, la","9.76"
851,"Tartareu","L'Assumpció","Noguera, la","20.49"
852,"Térmens","Santa Maria","Noguera, la","23.19"
853,"Torre de Rialb  (Torrebadal)","Sant Iscle i santa Victòria","Noguera, la","13.41"
854,"Torrelameu","L'Assumpció","Noguera, la","19.03"
855,"Vallfogona de Balaguer","Sant Miquel","Noguera, la","22.19"
856,"Ventoses, Les","Sant Pere","Noguera, la","11.8"
857,"Vilanova de l'Aguda","Sant Miquel","Noguera, la","19.41"
858,"Vilanova de Meià","L'Assumpció","Noguera, la","27.75"
859,"Alpens","Santa Maria","Osona","21.79"
860,"Balenyà (els Hostalets)","Sant Fruitós","Osona","24.5"
861,"Brull, El","Sant Martí","Osona","19.72"
862,"Calldetenes","Mare de Déu de la Mercè","Osona","29.00"
863,"Cantonigròs","Sant Roc","Osona","19.68"
864,"Castanya, La","Sant Cristòfol","Osona","13.82"
865,"Centelles","Sant Coloma","Osona","39.00"
866,"Espinelves","Sant Vicenç","Osona","22.52"
867,"Folgueroles","Santa Maria","Osona","22.65"
868,"Gleva, La","Mare de Déu de la Gleva","Osona","40.00"
869,"Granollers de la Plana","Sant Esteve","Osona","18.2"
870,"Gurb de la Plana","Sant Andreu","Osona","22.62"
871,"Lluçà","Santa Maria","Osona","21.43"
872,"Malla","Sant Vicenmç","Osona","25.58"
873,"Manlleu","Nostra Senyora de Gràcia","Osona","15.15"
874,"Manlleu","Santa Maria","Osona","51.2"
875,"Montesquiu","Santa Maria","Osona","24.2"
876,"Muntanyola","Sant Quirze","Osona","16.00"
877,"Múnter","Sant Esteve","Osona","15.55"
878,"Olost de Lluçanès","Santa Maria","Osona","33.4"
879,"Orís","Sant Genís","Osona","27.3"
880,"Oristà","Sant Andreu","Osona","23.54"
881,"Perafita","Sant Pere","Osona","21.45"
882,"Prats de Lluçanès","Sant Vicenç","Osona","24.8"
883,"Pruit","Sant Andreu","Osona","23.68"
884,"Roda de Ter","Sant Pere","Osona","40.00"
885,"Rupit","Sant Miquel","Osona","28.37"
886,"Saderra","Sant Marcel","Osona","10.9"
887,"Sant Agustí de Lluçanès","Sant Agustí","Osona","10.87"
888,"Sant Andreu de Bancells","Sant Andreu","Osona","12.89"
889,"Sant Andreu de la Vola","Sant Andreu","Osona","17.11"
890,"Sant Bartomeu del Grau","Sant Bartomeu","Osona","25.00"
891,"Sant Boi de Lluçanès","Sant Baldiri","Osona","33.94"
892,"Sant Hipòlit de Voltregà","Sant Hipòlit","Osona","40.32"
893,"Sant Jaume de Viladrover","Sant Jaume","Osona","15.8"
894,"Sant Julià de Cabrera","Sant Julià","Osona","10.03"
895,"Sant Julià de Vilatorta","Sant Julià","Osona","22.85"
896,"Sant Julià Sassorba","Sant Julià","Osona","19.29"
897,"Sant Martí d'Albars","Sant Martí","Osona","18.94"
898,"Sant Martí de Centelles","Sant Martí","Osona","15.85"
899,"Sant Miquel de Belenyà","Sant Miquel dels Sants","Osona","19.00"
900,"Sant Pere de Castanyadell","Sant Pere","Osona","18.43"
901,"Sant Pere de Torelló","Sant Pere","Osona","36.36"
902,"Sant Quirze de Besora","Sant Quirze","Osona","24.99"
903,"Sant Romà de Sau","Sant Romà","Osona","19.42"
904,"Sant Sadurní d'Osormort","Sant Sadurní","Osona","23.84"
905,"Sant Vicenç de Torelló","Sant Vicenç","Osona","23.94"
906,"Santa Cecília de Voltregà","Santa Cecília","Osona","26.09"
907,"Santa Creu de Jotglar","Santa Creu","Osona","17.22"
908,"Santa Eugènia de Berga","Santa Eugènia","Osona","28.3"
909,"Santa Eulàlia de Pardines","Santa Eulàlia","Osona","19.17"
910,"Santa Eulàlia de Puig-oriol","Santa Eulàlia","Osona","19.16"
911,"Santa Eulàlia de Riuprimer","Santa Eulàlia","Osona","30.75"
912,"Santa Maria de Besora","Santa Maria","Osona","23.05"
913,"Sentfores (la Guixa)","Sant Martí","Osona","34.66"
914,"Sesgorgues","Sant Bartomeu","Osona","9.49"
915,"Seva","Santa Maria","Osona","31.6"
916,"Siuret","Santa Llúcia","Osona","17.85"
917,"Sobremunt","Sant Martí","Osona","16.26"
918,"Sora","Sant Pere","Osona","21.3"
919,"Taradell","Sant Genís","Osona","41.23"
920,"Tavèrnoles","Sant Esteve","Osona","18.5"
921,"Tavertet","Sant Cristòfol","Osona","13.73"
922,"Tona","Sant Andreu","Osona","27.5"
923,"Torelló","Mare de Déu de Montserrat","Osona","27.12"
924,"Torelló","Sant Feliu","Osona","46.02"
925,"Torre d'Oristà, La","Santa Maria","Osona","18.67"
926,"Valldeneu","Sant Pere","Osona","14.35"
927,"Vespella","Sant Cristòfol","Osona","29.51"
928,"Vic","Catedral de Sant Pere, campanar romànic","Osona","57.14"
929,"Vic","La Pietat","Osona","34.39"
930,"Vic","Mare de Déu del Carme","Osona","34.32"
931,"Vic","Sant Domènec","Osona","31.5"
932,"Vidrà","Sant Hilari","Osona","28.42"
933,"Viladrau","Sant Martí","Osona","34.27"
934,"Vilalleons","Santa Maria","Osona","19.5"
935,"Vilanova de Sau","Santa Maria","Osona","18.57"
936,"Vinyoles d'Orís","Sant Esteve","Osona","19.3"
937,"Abella de la Conca","Sant Esteve","Pallars Jussà, el","14.61"
938,"Aramunt","Sant Fructuós","Pallars Jussà, el","15.7"
939,"Astell","Sant Andreu","Pallars Jussà, el","17.92"
940,"Bòixols","Sant Vicenç","Pallars Jussà, el","10.74"
941,"Cabdella","Sant Vicenç","Pallars Jussà, el","11.8"
942,"Castissent","Sant Joan Baptista","Pallars Jussà, el","14.6"
943,"Claramunt","Sant Pere","Pallars Jussà, el","12.36"
944,"Claverol","Sant Cristòfol","Pallars Jussà, el","15.75"
945,"Covet","Santa Maria","Pallars Jussà, el","15.89"
946,"Erinyà","Sant Esteve","Pallars Jussà, el","19.56"
947,"Eroles","Santa Maria","Pallars Jussà, el","16.2"
948,"Espluga de Serra","Mare de Déu de les Neus","Pallars Jussà, el","10.9"
949,"Espui","Sant Julià","Pallars Jussà, el","16.35"
950,"Gavet","Sant Pere","Pallars Jussà, el","14.79"
951,"Guàrdia de Tremp","Mare de Déu del Remei","Pallars Jussà, el","25.00"
952,"Guiró","Sant Joan Baptista","Pallars Jussà, el","15.5"
953,"Isona","Santa Maria","Pallars Jussà, el","27.00"
954,"Llimiana","Santa Maria","Pallars Jussà, el","16.42"
955,"Manyanet","Sant Pere","Pallars Jussà, el","16.8"
956,"Mont-ros","Nostra Senyora del Boix","Pallars Jussà, el","18.7"
957,"Naens","Sant Esteve","Pallars Jussà, el","13.06"
958,"Orrit","Sant Pere","Pallars Jussà, el","9.67"
959,"Oveix","La Purificació de Maria","Pallars Jussà, el","13.6"
960,"Palau de Noguera","Sant Joan Baptista","Pallars Jussà, el","27.51"
961,"Pessonada","L'Assumpció","Pallars Jussà, el","14.2"
962,"Pobla de Segur, La","Mare de Déu de la Ribera","Pallars Jussà, el","32.44"
963,"Pobleta de Bellveí","Sant Feliu","Pallars Jussà, el","13.00"
964,"Salàs de Pallars","Mare de Déu del Coll","Pallars Jussà, el","27.68"
965,"Sant Salvador de Toló","Sant Salvador","Pallars Jussà, el","17.74"
966,"Sant Serni","Sant Sadurní","Pallars Jussà, el","13.95"
967,"Sapeira","Sant Pere","Pallars Jussà, el","13.35"
968,"Sarroca de Bellera","Sant Feliu","Pallars Jussà, el","20.26"
969,"Senterada","Santa Maria","Pallars Jussà, el","15.16"
970,"Talarn","Sant Martí","Pallars Jussà, el","26.44"
971,"Tercui","Sant Pere","Pallars Jussà, el","12.7"
972,"Torre de Cabdella, La","Sant Martí","Pallars Jussà, el","15.2"
973,"Torre de Tamúrcia","Sant Josep","Pallars Jussà, el","9.4"
974,"Tremp","Santa Maria de Valldeflors, basílica","Pallars Jussà, el","38.3"
975,"Aidí","Mare de Déu del Roser","Pallars Sobirà, el","10.32"
976,"Ainet de Besan","Sant Julià","Pallars Sobirà, el","22.03"
977,"Alins de Vallferrera","Sant Vicenç","Pallars Sobirà, el","23.34"
978,"Alís d'Isil","Sant Lliser","Pallars Sobirà, el","26.06"
979,"Altron","Sant Serni","Pallars Sobirà, el","23.00"
980,"Arcalís","Sant Lliser","Pallars Sobirà, el","17.89"
981,"Àreu","Sant Climent","Pallars Sobirà, el","28.24"
982,"Arròs de Cardós","Sant Julià","Pallars Sobirà, el","14.16"
983,"Baiasca","Sant Serni","Pallars Sobirà, el","17.6"
984,"Boldís Jussà","Sant Pere","Pallars Sobirà, el","16.71"
985,"Borén","Sant Martí","Pallars Sobirà, el","31.4"
986,"Burg","Sant Bartomeu","Pallars Sobirà, el","18.92"
987,"Caregue","Sant Martí","Pallars Sobirà, el","19.85"
988,"Dorve","Sant Bartomeu","Pallars Sobirà, el","23.22"
989,"Enviny","La Purificació de Maria","Pallars Sobirà, el","18.07"
990,"Escaló","Santa Maria","Pallars Sobirà, el","28.35"
991,"Escart","Sant Martí","Pallars Sobirà, el","20.75"
992,"Espot","Santa Llogaia","Pallars Sobirà, el","32.4"
993,"Estac","Sant Marçal","Pallars Sobirà, el","21.54"
994,"Estaís","Sant Esteve","Pallars Sobirà, el","14.73"
995,"Estaon","Sant Jaume","Pallars Sobirà, el","17.98"
996,"Esterri d'Aneu","Sant Vicenç","Pallars Sobirà, el","42.47"
997,"Esterri de Cardós","Sant Pere i sant Pau","Pallars Sobirà, el","24.28"
998,"Farrera","Sant Roc","Pallars Sobirà, el","20.25"
999,"Gavàs","Sant Esteve","Pallars Sobirà, el","30.77"
1000,"Isavarre","Sant Llorenç","Pallars Sobirà, el","26.6"
1001,"Isil","La Immaculada","Pallars Sobirà, el","27.26"
1002,"Jou","Sant Pere","Pallars Sobirà, el","24.85"
1003,"Lavorre","Sant Miquel","Pallars Sobirà, el","20.75"
1004,"Lladorre","Sant Martí","Pallars Sobirà, el","18.59"
1005,"Lladrós","Sant Pere","Pallars Sobirà, el","19.52"
1006,"Llagunes, Le  (les Llacune)","Sant Martí","Pallars Sobirà, el","13.48"
1007,"Llavorsí","Santa Anna","Pallars Sobirà, el","21.84"
1008,"Llessui","Sant Pere","Pallars Sobirà, el","28.35"
1009,"Montardit de Dalt","Santa Cecília","Pallars Sobirà, el","30.85"
1010,"Montcortès","Sant Martí","Pallars Sobirà, el","14.96"
1011,"Montesclado","Sant Esteve","Pallars Sobirà, el","16.64"
1012,"Norís","Sant Serni","Pallars Sobirà, el","15.03"
1013,"Peramea","Sant Cristòfol","Pallars Sobirà, el","14.28"
1014,"Pujal","Sant Pere","Pallars Sobirà, el","15.54"
1015,"Rialp de Noguera","Mare de Déu de Valldeflors","Pallars Sobirà, el","24.95"
1016,"Ribera de Cardós","Santa Maria","Pallars Sobirà, el","23.73"
1017,"Saurí","Sant Víctor","Pallars Sobirà, el","19.23"
1018,"Son","Sant Just i sant Pastor","Pallars Sobirà, el","24.00"
1019,"Sorpe","Sant Pere","Pallars Sobirà, el","15.25"
1020,"Sorre","Sant Esteve","Pallars Sobirà, el","19.8"
1021,"Sort","Sant Feliu","Pallars Sobirà, el","37.1"
1022,"Surp","Sant Iscle","Pallars Sobirà, el","15.82"
1023,"Surri","Santa Coloma","Pallars Sobirà, el","17.1"
1024,"Tavascan","Sant Simeó i sant Bartomeu","Pallars Sobirà, el","22.89"
1025,"Tírvia","Sant Feliu","Pallars Sobirà, el","28.11"
1026,"Tor","Sant Pere","Pallars Sobirà, el","12.96"
1027,"Unarre","Sant Julià","Pallars Sobirà, el","24.66"
1028,"València d'Àneu","Sant Andreu","Pallars Sobirà, el","22.34"
1029,"Vilamur","Mare de Déu de Medina","Pallars Sobirà, el","19.45"
1030,"Arcs","Sant Antoni Abat","Pla d'Urgell, el","26.4"
1031,"Barbens","L'Assumpció","Pla d'Urgell, el","22.89"
1032,"Bell-lloc d'Urgell","Sant Miquel","Pla d'Urgell, el","31.85"
1033,"Bellvís","L'Assumpció","Pla d'Urgell, el","38.15"
1034,"Castellnou de Seana","Sant Joan","Pla d'Urgell, el","24.7"
1035,"Golmés","Sant Salvador","Pla d'Urgell, el","26.78"
1036,"Ivars d'Urgell","Sant Andreu","Pla d'Urgell, el","34.46"
1037,"Linyola","Santa Maria","Pla d'Urgell, el","29.47"
1038,"Miralcamp","Sant Miquel","Pla d'Urgell, el","22.25"
1039,"Mollerussa","Sant Jaume","Pla d'Urgell, el","42.00"
1040,"Palau d'Anglesola, El","Sant Joan Baptista","Pla d'Urgell, el","30.15"
1041,"Poal, El","La Degollació de Sant Joan","Pla d'Urgell, el","24.64"
1042,"Sidamon","Sant Bartomeu","Pla d'Urgell, el","20.55"
1043,"Torregrossa","L'Assumpció","Pla d'Urgell, el","31.64"
1044,"Vallverd d'Urgell","Sant Miquel","Pla d'Urgell, el","17.21"
1045,"Vila-sana (Utxafava)","Sant Miquel","Pla d'Urgell, el","24.93"
1046,"Vilanova de Bellpuig","Sant Pere","Pla d'Urgell, el","25.98"
1047,"Banyoles","Sant Pere","Pla de l'Estany, el","7.5"
1048,"Borgonyà","Sant Joan","Pla de l'Estany, el","12.1"
1049,"Camós","Sant Vicenç","Pla de l'Estany, el","20.00"
1050,"Centenys","Sant Iscle","Pla de l'Estany, el","16.4"
1051,"Cornellà del Terri","Sant Pere","Pla de l'Estany, el","30.33"
1052,"Corts","Sant Julià","Pla de l'Estany, el","17.2"
1053,"Crespià","Santa Eulàlia","Pla de l'Estany, el","20.5"
1054,"Esponellà","Sant Cebrià","Pla de l'Estany, el","25.23"
1055,"Falgons","Sant Vicenç","Pla de l'Estany, el","11.84"
1056,"Fontcoberta","Sant Feliu i sant Pere","Pla de l'Estany, el","21.5"
1057,"Galliners","Sant Julià","Pla de l'Estany, el","24.25"
1058,"Miànigues","Sant Romà","Pla de l'Estany, el","16.00"
1059,"Mota, La","Sant Martí","Pla de l'Estany, el","19.65"
1060,"Ollers","Sant Martí","Pla de l'Estany, el","22.5"
1061,"Orfes","Santa Maria","Pla de l'Estany, el","26.47"
1062,"Palol de Revardit","Sant Miquel","Pla de l'Estany, el","13.66"
1063,"Parets d'Empordà","Santa Leocàdia","Pla de l'Estany, el","23.5"
1064,"Pujals dels Pagesos","Santa Eulàlia","Pla de l'Estany, el","27.00"
1065,"Pujarnol","Sant Cebrià","Pla de l'Estany, el","11.15"
1066,"Ravós del Terri","Sant Cugat","Pla de l'Estany, el","21.6"
1067,"Sant Andreu del Terri","Sant Andreu","Pla de l'Estany, el","14.25"
1068,"Sant Esteve de Guialbes","Sant Esteve","Pla de l'Estany, el","24.15"
1069,"Sant Marçal de Quarantella","Sant Marçal","Pla de l'Estany, el","15.22"
1070,"Sant Miquel de Campmajor","Sant Miquel","Pla de l'Estany, el","22.3"
1071,"Santa Llogaia del Terri","Santa Leocàdia","Pla de l'Estany, el","15.78"
1072,"Santa Maria de Camós","Santa Maria ","Pla de l'Estany, el","10.00"
1073,"Serinyà","Sant Andreu","Pla de l'Estany, el","16.24"
1074,"Sords","Sant Esteve","Pla de l'Estany, el","24.85"
1075,"Terradelles","Sant Martí","Pla de l'Estany, el","18.63"
1076,"Vilademí","Sant Esteve","Pla de l'Estany, el","16.91"
1077,"Vilademuls","Sant Joan","Pla de l'Estany, el","13.87"
1078,"Vilafreser","Sant Sadurní","Pla de l'Estany, el","23.00"
1079,"Vilamarí","L'Assumpció","Pla de l'Estany, el","23.14"
1080,"Vilavenut","Sant Sadurní","Pla de l'Estany, el","18.21"
1081,"Vilert","Santa Maria","Pla de l'Estany, el","20.11"
1082,"Albarca","Sant Vicenç","Priorat, el","16.43"
1083,"Bellmunt del Priorat","Santa Llúcia","Priorat, el","36.27"
1084,"Bisbal de Falset, La","La Nativitat de Maria","Priorat, el","27.44"
1085,"Cabacés","La Nativitat de Maria","Priorat, el","22.61"
1086,"Cornudella de Montsant","Santa Maria","Priorat, el","29.75"
1087,"Falset","Santa Maria","Priorat, el","43.00"
1088,"Figuera, La","Sant Martí","Priorat, el","26.42"
1089,"Gratallops","Sant Llorenç","Priorat, el","34.69"
1090,"Guiamets, Els","Sant Lluís de Tolosa","Priorat, el","30.85"
1091,"Lloar, El","Sant Miquel","Priorat, el","27.00"
1092,"Marçà","Santa Maria","Priorat, el","34.82"
1093,"Margalef","Sant Miquel","Priorat, el","22.77"
1094,"Molar, El","Sant Roc","Priorat, el","20.28"
1095,"Morera de Montsant, La","La Nativitat de Maria","Priorat, el","24.81"
1096,"Poboleda","Sant Pere","Priorat, el","37.27"
1097,"Porrera","Sant Joan","Priorat, el","29.84"
1098,"Pradell de la Teixeta","Santa Maria Magdalena","Priorat, el","30.00"
1099,"Siurana","Santa Maria","Priorat, el","12.41"
1100,"Torre de Fontaubella, La","La Nativitat de Maria","Priorat, el","25.65"
1101,"Torroja del Priorat","Sant Miquel","Priorat, el","33.4"
1102,"Ulldemolins","Sant Jaume","Priorat, el","35.04"
1103,"Vilella Alta, La","Santa Llúcia","Priorat, el","30.54"
1104,"Vilella Baixa, La","Sant Joan Baptista","Priorat, el","24.4"
1105,"Benissanet","Sant Joan","Ribera d'Ebre, la","30.9"
1106,"Darmós","Sant Miquel","Ribera d'Ebre, la","19.66"
1107,"Flix","L'Assumpció","Ribera d'Ebre, la","21.39"
1108,"Garcia","La Nativitat de Maria","Ribera d'Ebre, la","21.76"
1109,"Ginestar","Sant Martí","Ribera d'Ebre, la","28.47"
1110,"Miravet","La Nativitat de Maria","Ribera d'Ebre, la","14.5"
1111,"Móra d'Ebre","Sant Joan","Ribera d'Ebre, la","27.5"
1112,"Móra la Nova","Mare de Déu del Remei","Ribera d'Ebre, la","28.63"
1113,"Palma d'Ebre, La","L'Assumpció","Ribera d'Ebre, la","36.31"
1114,"Rasquera","Sant Joan","Ribera d'Ebre, la","24.54"
1115,"Riba-roja d'Ebre","Sant Bartomeu","Ribera d'Ebre, la","30.34"
1116,"Serra d'Almos","Sant Domènec","Ribera d'Ebre, la","18.42"
1117,"Tivissa","Sant Jaume","Ribera d'Ebre, la","31.83"
1118,"Torre de l'Espanyol, La","Sant Jaume","Ribera d'Ebre, la","22.99"
1119,"Vinebre","Sant Miquel","Ribera d'Ebre, la","22.95"
1120,"Beget","Sant Cristòfol","Ripollès, el","23.96"
1121,"Bruguera","Sant Feliu","Ripollès, el","16.23"
1122,"Campdevànol","Sant Cristòfol","Ripollès, el","46.34"
1123,"Campelles","Sant Martí","Ripollès, el","20.22"
1124,"Estiula","Sant Feliu","Ripollès, el","13.4"
1125,"Fustanyà","Sant Serni","Ripollès, el","18.32"
1126,"Gombrèn","Sant Pere","Ripollès, el","25.63"
1127,"Llanars","Sant Esteve","Ripollès, el","22.22"
1128,"Llosses, Les","Santa Maria","Ripollès, el","15.04"
1129,"Matamala","Santa Maria","Ripollès, el","15.36"
1130,"Molló","Santa Cecília","Ripollès, el","24.28"
1131,"Nevà","Sant Cristòfol","Ripollès, el","13.75"
1132,"Palmerola","Sant Vicenç","Ripollès, el","12.00"
1133,"Pardines","Sant Esteve","Ripollès, el","21.14"
1134,"Planoles","Sant Vicenç","Ripollès, el","22.71"
1135,"Queralbs","Sant Jaume","Ripollès, el","20.73"
1136,"Ribes de Freser","L'Assumpció","Ripollès, el","25.18"
1137,"Ripoll","Santa Maria","Ripollès, el","39.86"
1138,"Sant Bernabé de les Tenes","Sant Bernabé","Ripollès, el","11.12"
1139,"Sant Esteve de Vallespirans","Sant Esteve","Ripollès, el","11.43"
1140,"Sant Joan de les Abadesses","Sant Joan, antic monestir","Ripollès, el","27.18"
1141,"Sant Llorenç de Campdevànol","Sant Llorenç","Ripollès, el","16.97"
1142,"Setcases","Sant Miquel","Ripollès, el","21.63"
1143,"Sovelles","Sant Sadurní","Ripollès, el","17.5"
1144,"Toses","Sant Cristòfol","Ripollès, el","14.13"
1145,"Tregurà de Dalt","Sant Julià","Ripollès, el","15.67"
1146,"Vallfogona de Ripollès","Sant Julià","Ripollès, el","19.68"
1147,"Ventolà","Sant Cristòfol","Ripollès, el","13.33"
1148,"Viladonja","Santa Eulàlia","Ripollès, el","11.74"
1149,"Vilallonga de Ter","Sant Martí","Ripollès, el","17.83"
1150,"Vinyoles de Portavella","Sant Martí","Ripollès, el","12.07"
1151,"Alta-riba","Sant Jordi de Sabadell","Segarra, la","16.26"
1152,"Ametlla de Segarra","Sant Pere","Segarra, la","20.48"
1153,"Bellmunt de Segarra","Sant Pere","Segarra, la","19.13"
1154,"Bellveí","Sant Jaume","Segarra, la","23.5"
1155,"Biosca","Santa Maria","Segarra, la","26.42"
1156,"Canós, El","Sant Jaume","Segarra, la","16.75"
1157,"Castellnou d'Oluges","Sant Pere","Segarra, la","21.12"
1158,"Cervera","Santa Maria","Segarra, la","51.00"
1159,"Civit","Santa Maria","Segarra, la","13.99"
1160,"Curullada, La","Sant Pere","Segarra, la","19.42"
1161,"Ferran","Sant Jaume","Segarra, la","14.5"
1162,"Florejacs","L'Assumpció","Segarra, la","25.00"
1163,"Freixenet de Segarra","Santa Maria","Segarra, la","20.85"
1164,"Gospí","Sant Martí","Segarra, la","14.63"
1165,"Gra ","Sant Salvador","Segarra, la","11.98"
1166,"Granyena de Segarra","Santa Maria","Segarra, la","44.92"
1167,"Guàrdia-lada, La","Santa Maria","Segarra, la","20.04"
1168,"Guissona","Santa Maria","Segarra, la","34.00"
1169,"Hostafrancs","Sant Bartomeu","Segarra, la","29.07"
1170,"Ivorra","Sant Cugat","Segarra, la","27.09"
1171,"Lloberola","Sant Miquel","Segarra, la","23.26"
1172,"Llor","Sant Julià","Segarra, la","16.74"
1173,"Manresana","Sant Jaume","Segarra, la","12.6"
1174,"Massoteres","Sant Salvador","Segarra, la","23.93"
1175,"Mont-roig del Camp","Santa Maria","Segarra, la","19.64"
1176,"Montfalcó Murallat","Sant Pere","Segarra, la","18.85"
1177,"Montlleó","Santa Maria","Segarra, la","17.33"
1178,"Montoliu de Segarra","Sant Salvador","Segarra, la","23.17"
1179,"Montornès de Segarra","Sant Joan Baptista","Segarra, la","18.5"
1180,"Montpalau","Sant Jaume","Segarra, la","18.21"
1181,"Oluges, Les","L'Assumpció","Segarra, la","23.18"
1182,"Palou","Sant Ponç","Segarra, la","18.64"
1183,"Pallargues, Les","Sant Salvador","Segarra, la","21.8"
1184,"Pelagalls i Sisteró","Sant Esteve","Segarra, la","12.25"
1185,"Portell","Sant Jaume","Segarra, la","17.15"
1186,"Rubinat","Santa Maria","Segarra, la","25.43"
1187,"Sanaüja  ","Santa Maria de la Plaça, exempt","Segarra, la","18.00"
1188,"Sant Antolí i Vilanova","Sant Antolí","Segarra, la","19.00"
1189,"Sant Domí","Sant Pere","Segarra, la","19.15"
1190,"Sant Guim de Freixenet","Sagrat Cor","Segarra, la","28.18"
1191,"Sant Guim de la Plana","Santa Maria","Segarra, la","20.94"
1192,"Sant Martí de la Morana","Sant Martí","Segarra, la","25.5"
1193,"Santa Fe de Segarra","Sant Pere","Segarra, la","20.47"
1194,"Sedó","Sant Donat","Segarra, la","17.58"
1195,"Tallada, La","Sant Martí","Segarra, la","23.65"
1196,"Tarroja de Segarra","Sant Salvador","Segarra, la","28.63"
1197,"Torà","Sant Gil","Segarra, la","27.31"
1198,"Torrefeta","Sant Amanç","Segarra, la","23.00"
1199,"Vallferosa","Santa Maria","Segarra, la","16.75"
1200,"Vergós Guerrejat","Santa Magdalena","Segarra, la","21.00"
1201,"Vicfred","Sant Esteve","Segarra, la","20.63"
1202,"Vilagrasseta","Sant Andreu","Segarra, la","18.59"
1203,"Viver de Segarra","Santa Maria","Segarra, la","21.12"
1204,"Puigverd de Lleida","Sant Pere","Segriá, el","29.41"
1205,"Aitona","Sant Antolí","Segrià, el","40.41"
1206,"Albatàrrec","La Transfiguració","Segrià, el","25.56"
1207,"Alcanó","Sant Pere","Segrià, el","26.05"
1208,"Alcoletge","Sant Miquel","Segrià, el","24.13"
1209,"Alfés","Sant Pere","Segrià, el","19.34"
1210,"Almacelles","Mare de Déu de la Mercè","Segrià, el","28.14"
1211,"Almatret","Sant Miquel","Segrià, el","24.75"
1212,"Almenar","Santa Maria","Segrià, el","60.18"
1213,"Alpicat","Sant Bartomeu","Segrià, el","30.04"
1214,"Artesa de Lleida","Sant Miquel","Segrià, el","30.12"
1215,"Aspa","Sant Julià","Segrià, el","21.43"
1216,"Benavent de Segrià","Sant Joan Baptista","Segrià, el","31.55"
1217,"Corbins","Sant Jaume","Segrià, el","30.59"
1218,"Gimenells","Santa Maria del Roser","Segrià, el","15.72"
1219,"Granja d'Escarp, La","Sant Jaume","Segrià, el","32.87"
1220,"Llardecans","L'Assumpció","Segrià, el","37.24"
1221,"Lleida","Catedral nova de Sant Pere","Segrià, el","39.39"
1222,"Lleida","Mare de Déu del Pilar, en projecte","Segrià, el","48.00"
1223,"Lleida","Sant Llorenç","Segrià, el","33.66"
1224,"Lleida","Santa Tereseta","Segrià, el","33.00"
1225,"Lleida, barri de les Pedrinyes","Santíssim Salvador","Segrià, el","16.43"
1226,"Lleida, la Seu","Campanar de la Seu vella","Segrià, el","60.6"
1227,"Maials","L'Assumpció","Segrià, el","36.82"
1228,"Massalcoreig","Sant Bartomeu","Segrià, el","20.3"
1229,"Montoliu de Lleida","La Nativitat de Maria","Segrià, el","24.97"
1230,"Rosselló","Sant Pere ad Víncula","Segrià, el","23.49"
1231,"Seròs","Santa Maria","Segrià, el","35.83"
1232,"Soses","Sant Llorenç","Segrià, el","20.78"
1233,"Sucs","L'Assumpció","Segrià, el","23.37"
1234,"Sudanell","Sant Pere","Segrià, el","34.94"
1235,"Torre-serona","L'Assumpció","Segrià, el","23.49"
1236,"Torrefarrera","L'Exaltació de la Santa Creu","Segrià, el","20.24"
1237,"Torres de Segre","L'Assumpció","Segrià, el","30.62"
1238,"Vilanova de la Barca","L'Assumpció","Segrià, el","32.62"
1239,"Amer","Santa Maria ","Selva, la","45.6"
1240,"Anglès","Sant Miquel","Selva, la","25.00"
1241,"Arbúcies","Sant Quirze i santa Julita","Selva, la","31.00"
1242,"Blanes","Santa Maria ","Selva, la","30.87"
1243,"Breda","Sant Salvador","Selva, la","35.17"
1244,"Brunyola","Sant Fruitós","Selva, la","23.8"
1245,"Caldes de Malavella","Sant Esteve","Selva, la","24.44"
1246,"Caserans","Sant Llorenç","Selva, la","20.5"
1247,"Castenyet","Sant Andreu","Selva, la","17.35"
1248,"Cellera de Ter, La","Mare de Déu de Sales","Selva, la","30.00"
1249,"Cerdans","Sant Cristòfol","Selva, la","13.24"
1250,"Esparra, L'","Sant Martí","Selva, la","25.5"
1251,"Fogars de Tordera","Sant Cebrià","Selva, la","16.53"
1252,"Fornells de la Selva","Sant Cugat","Selva, la","29.00"
1253,"Franciac","Sant Mateu","Selva, la","18.66"
1254,"Grions","Sant Gabriel","Selva, la","22.00"
1255,"Hostalric","Santa Maria","Selva, la","24.2"
1256,"Joanet","Sant Mateu","Selva, la","16.89"
1257,"Lloret de Mar","Sant Romà","Selva, la","30.75"
1258,"Maçanet de la Selva","Sant Llorenç","Selva, la","31.22"
1259,"Martorell de la Selva","Sant Pere","Selva, la","24.00"
1260,"Massanes","Sant Esteve","Selva, la","20.75"
1261,"Osor","Sant Pere","Selva, la","26.43"
1262,"Reminyó","Sant Andreu","Selva, la","18.54"
1263,"Riudarenes","Sant Martí","Selva, la","29.3"
1264,"Riudellots de la Selva","Sant Esteve ","Selva, la","27.00"
1265,"Salitja","L'Assumpció","Selva, la","23.3"
1266,"Sant Climent d'Amer","Sant Climent","Selva, la","23.42"
1267,"Sant Dalmai","Sant Dalmau","Selva, la","24.25"
1268,"Sant Feliu de Buixalleu","Sant Feliu","Selva, la","19.23"
1269,"Sant Hilari Sacalm","Sant Hilari","Selva, la","36.7"
1270,"Sant Martí Sacalm","Sant Martí","Selva, la","13.06"
1271,"Sant Martí Sapresa","Sant Martí","Selva, la","16.58"
1272,"Sant Miquel de Cladells","Sant Miquel","Selva, la","15.15"
1273,"Santa Coloma de Farners","Santa Coloma","Selva, la","36.2"
1274,"Santa Creu d'Horta","Santa Creu","Selva, la","14.04"
1275,"Santa Seclina","Sant Seclina","Selva, la","23.42"
1276,"Sils","Santa Maria","Selva, la","23.67"
1277,"Tossa de Mar","Sant Vicenç","Selva, la","28.5"
1278,"Vallcanera","Santa Eulàlia","Selva, la","24.09"
1279,"Vallors","Santa Margarida","Selva, la","13.99"
1280,"Vidreres","Sant Iscle","Selva, la","26.41"
1281,"Vilobí d'Onyar","Sant Esteve","Selva, la","40.00"
1282,"Ardèvol","Santa Maria","Solsonès, el","18.99"
1283,"Besora","Sant Serni","Solsonès, el","17.14"
1284,"Brics","Sant Salvador","Solsonès, el","14.47"
1285,"Cambrils (de Solsonès)","Sant Martí","Solsonès, el","15.28"
1286,"Castellar de la Ribera","Sant Pere","Solsonès, el","14.25"
1287,"Clariana de Cardener","Sant Serni","Solsonès, el","20.55"
1288,"Coma, La","Sant Quirze i santa Julita","Solsonès, el","12.03"
1289,"Linya","Sant Andreu","Solsonès, el","22.19"
1290,"Lladurs","Santa Maria","Solsonès, el","16.00"
1291,"Llobera","Sant Pere","Solsonès, el","14.3"
1292,"Madrona","Sant Pere","Solsonès, el","25.89"
1293,"Matamargó","Sant Pere","Solsonès, el","20.85"
1294,"Molsosa, La  ","Santa Maria","Solsonès, el","20.17"
1295,"Montpol","Sant Miquel","Solsonès, el","19.24"
1296,"Navès","Santa Margarida","Solsonès, el","20.41"
1297,"Olius","Sant Esteve","Solsonès, el","20.92"
1298,"Pedra, La","Sant Sadurní","Solsonès, el","16.85"
1299,"Peracamps","Sant Pere Màrtir","Solsonès, el","16.92"
1300,"Pinell de Solsonès","Sant Miquel","Solsonès, el","16.62"
1301,"Sant Just i Joval","Sant Salvador","Solsonès, el","12.82"
1302,"Sant Llorenç de Morunys","Sant Llorenç","Solsonès, el","29.89"
1303,"Santa Susanna","Santa Susanna","Solsonès, el","16.47"
1304,"Selva","Sant Climenç","Solsonès, el","15.22"
1305,"Solsona","Catedral de Santa Maria","Solsonès, el","33.00"
1306,"Su","Santa Maria","Solsonès, el","24.13"
1307,"Timoneda","Santa Eulàlia","Solsonès, el","16.12"
1308,"Vall, La","Santa Eulàlia","Solsonès, el","16.61"
1309,"Vallmanya","Sant Pere","Solsonès, el","21.33"
1310,"Altafulla","Sant Martí","Tarragonès, el","24.42"
1311,"Ardenya","Sant Jordi de Sabadell","Tarragonès, el","22.73"
1312,"Argilaga","Sant Roc","Tarragonès, el","29.97"
1313,"Canonja, La","Sant Sebastià","Tarragonès, el","35.15"
1314,"Catllar, El","La Degollació de Sant Joan","Tarragonès, el","44.89"
1315,"Constantí","Sant Feliu","Tarragonès, el","44.34"
1316,"Creixell","Sant Jaume","Tarragonès, el","41.9"
1317,"Ferran","Santa Maria","Tarragonès, el","12.25"
1318,"Morell, El","Sant Martí","Tarragonès, el","26.33"
1319,"Nou de Gaià, La","Santa Maria Magdalena","Tarragonès, el","23.06"
1320,"Pallaresos,  Els","Sant Salvador","Tarragonès, el","22.54"
1321,"Perefort","Sant Pere","Tarragonès, el","23.09"
1322,"Pobla de Mafumet, La","Sant Joan Baptista","Tarragonès, el","23.49"
1323,"Pobla de Montornès, La","Santa Maria","Tarragonès, el","39.55"
1324,"Puigdelfí","Sant Sebastià","Tarragonès, el","11.00"
1325,"Renau","Santa Llúcia","Tarragonès, el","15.4"
1326,"Riera de Gaià, La","Santa Margarida","Tarragonès, el","32.29"
1327,"Roda de Berà","Sant Bartomeu","Tarragonès, el","35.53"
1328,"Salomó","Santa Maria","Tarragonès, el","21.09"
1329,"Salou","Santa Maria del Mar","Tarragonès, el","23.35"
1330,"Secuita, La","L'Assumpció","Tarragonès, el","27.85"
1331,"Tarragona","Catedral de Santa Maria","Tarragonès, el","54.25"
1332,"Tarragona","Sant Francesc","Tarragonès, el","31.01"
1333,"Tarragona","Sant Joan Baptista","Tarragonès, el","26.28"
1334,"Tarragona","Sant Pau","Tarragonès, el","31.95"
1335,"Torredembarra","Sant Pere","Tarragonès, el","37.08"
1336,"Vila-seca","Sant Esteve","Tarragonès, el","29.82"
1337,"Vilallonga del Camp","Sant Martí","Tarragonès, el","27.81"
1338,"Arnes","Santa Magdalena","Terra Alta, la","35.76"
1339,"Batea","Sant Miquel","Terra Alta, la","38.39"
1340,"Bot","Sant Blai","Terra Alta, la","25.73"
1341,"Caseres","Santa Magdalena","Terra Alta, la","15.93"
1342,"Corbera d'Ebre","Sant Pere","Terra Alta, la","22.38"
1343,"Fatarella, La","Sant Andreu","Terra Alta, la","32.64"
1344,"Gandesa","L'Assumpció","Terra Alta, la","45.95"
1345,"Pinell de Brai, El","Sant Llorenç","Terra Alta, la","37.66"
1346,"Pobla de Massaluca, La","Sant Antoni Abat","Terra Alta, la","24.31"
1347,"Prat de Comte","Sant Bartomeu","Terra Alta, la","27.43"
1348,"Vilalba dels Arcs","Sant Llorenç","Terra Alta, la","47.15"
1349,"Agramunt","Santa Maria","Urgell, l'","31.00"
1350,"Altet","Sant Pere","Urgell, l'","22.46"
1351,"Anglesola","Sant Pau","Urgell, l'","25.53"
1352,"Belianes","Sant Jaume","Urgell, l'","16.59"
1353,"Bellpuig","Sant Nicolau","Urgell, l'","41.71"
1354,"Bellver d'Ossó","Sant Pere","Urgell, l'","17.49"
1355,"Boldó","L'Assumpció","Urgell, l'","18.36"
1356,"Castellserà","Santa Magdalena","Urgell, l'","27.54"
1357,"Ciutadilla","Sant Miquel","Urgell, l'","22.3"
1358,"Claravalls","Sant Salvador","Urgell, l'","23.46"
1359,"Donzell, La","Sant Pere","Urgell, l'","17.61"
1360,"Figuerosa, La","L'Assumpció","Urgell, l'","29.18"
1361,"Fuliola, La","Santa Llúcia","Urgell, l'","31.65"
1362,"Guàrdia d'Urgell, La","Santa Maria","Urgell, l'","20.39"
1363,"Guimerà","Santa Maria","Urgell, l'","23.53"
1364,"Mafet","Sant Llorenç","Urgell, l'","17.29"
1365,"Maldà","Santa Maria","Urgell, l'","38.67"
1366,"Montclar d'Urgell","Sant Jaume","Urgell, l'","25.37"
1367,"Nalec","Sant Jaume","Urgell, l'","27.5"
1368,"Omells de na Gaia, Els","Santa Maria","Urgell, l'","34.04"
1369,"Preixana","Santa Maria","Urgell, l'","25.16"
1370,"Puigverd d'Agramunt","Sant Pere","Urgell, l'","28.88"
1371,"Rocafort de Vallbona","La Transfiguració","Urgell, l'","27.2"
1372,"Rocallaura","Sant Llorenç","Urgell, l'","17.66"
1373,"Sant Martí de Maldà","Sant Martí","Urgell, l'","47.00"
1374,"Santa Maria de Montmagastrell","Santa Maria","Urgell, l'","25.85"
1375,"Talladell, El","Sant Pere","Urgell, l'","25.85"
1376,"Tàrrega","Santa Maria","Urgell, l'","49.82"
1377,"Tarròs, El","Santa Cecília","Urgell, l'","17.2"
1378,"Tornabous","L'Assumpció","Urgell, l'","23.62"
1379,"Vallbona de les Monges","Santa Maria","Urgell, l'","23.27"
1380,"Verdú","Santa Maria","Urgell, l'","34.48"
1381,"Vilagrassa","Santa Maria","Urgell, l'","26.39"
1382,"Arres","Sant Joan","Val d'Aran, era","15.15"
1383,"Arró","Sant Martin","Val d'Aran, era","22.02"
1384,"Arròs","Santa Eulària","Val d'Aran, era","20.23"
1385,"Arties","Santa Maria","Val d'Aran, era","27.45"
1386,"Aubert","Sant Martin","Val d'Aran, era","27.44"
1387,"Bagergue","Sant Fèlix","Val d'Aran, era","23.36"
1388,"Bausen","Sant Pèir ad Vincula","Val d'Aran, era","29.12"
1389,"Begós","Sant Roc","Val d'Aran, era","17.43"
1390,"Benós","Sant Martin","Val d'Aran, era","23.96"
1391,"Betlan","Sant Pèir","Val d'Aran, era","20.56"
1392,"Bòrdes, Es  ","Era Mare de Diu deth Roser","Val d'Aran, era","26.84"
1393,"Bossòst","Era Assompcion de Maria","Val d'Aran, era","30.7"
1394,"Canejan","Sant Sernilh","Val d'Aran, era","18.87"
1395,"Casarilh","Sant Tomàs","Val d'Aran, era","24.69"
1396,"Casau","Sant Andrèu","Val d'Aran, era","29.14"
1397,"Escunhau","Sant Pèir","Val d'Aran, era","23.6"
1398,"Garós","Sant Julian","Val d'Aran, era","30.27"
1399,"Gausac","Sant Martin","Val d'Aran, era","28.71"
1400,"Gessa","Sant Pèir","Val d'Aran, era","27.85"
1401,"Les","Sant Joan Baptista","Val d'Aran, era","31.97"
1402,"Mont","Sant Laurenç","Val d'Aran, era","16.45"
1403,"Montcorbau","Sant Esteve","Val d'Aran, era","18.94"
1404,"Salardú","Sant Andrèu","Val d'Aran, era","38.5"
1405,"Tredòs","Era Mare de Diu de Cap Aran","Val d'Aran, era","25.79"
1406,"Unha","Santa Eulària","Val d'Aran, era","27.71"
1407,"Vielha","Sant Miquèu","Val d'Aran, era","36.33"
1408,"Vila","Sant Pèir","Val d'Aran, era","21.85"
1409,"Vilac","Sant Fèlix","Val d'Aran, era","36.06"
1410,"Vilamòs","Santa Maria","Val d'Aran, era","24.22"
1411,"Barberà del Vallès","Santa Maria","Vallès Occidental, el","28.00"
1412,"Barberà del Vallès","Santa Maria, la romànica","Vallès Occidental, el","27.00"
1413,"Castellar del Vallès","Sant Esteve","Vallès Occidental, el","53.5"
1414,"Castellbisbal","Sant Vicenç","Vallès Occidental, el","25.8"
1415,"Cerdanyola del Vallès","Mare de Déu del Roser","Vallès Occidental, el","16.25"
1416,"Cerdanyola del Vallès","Sant Martí","Vallès Occidental, el","40.00"
1417,"Cerdanyola del Vallès","Santa Creu de Bellaterra","Vallès Occidental, el","18.5"
1418,"Floresta, La","Nostra Senyora de Montserrat","Vallès Occidental, el","23.6"
1419,"Fonts, Les","Mare de Déu del Roser","Vallès Occidental, el","15.16"
1420,"Matadepera","Sant Joan","Vallès Occidental, el","24.00"
1421,"Montcada i Reixac","Sant Pere, santuari","Vallès Occidental, el","20.5"
1422,"Montcada i Reixac","Santa Engràcia","Vallès Occidental, el","47.5"
1423,"Palau-solità i Plegamans","Sant Genís de Plegamans","Vallès Occidental, el","36.15"
1424,"Palau-solità i Plegamans","Santa Maria de Palau Solità","Vallès Occidental, el","21.56"
1425,"Polinyà","Sant Salvador","Vallès Occidental, el","19.02"
1426,"Ripollet","Sant Esteve","Vallès Occidental, el","27.23"
1427,"Rubí","Sant Pere","Vallès Occidental, el","25.00"
1428,"Sabadell – barri de Jonqueres","Sant Vicenç","Vallès Occidental, el","26.5"
1429,"Sabadell – can Oriac","Sagrat Cor","Vallès Occidental, el","28.31"
1430,"Sabadell – carretera de Matadepera","Sant Julià d'Altura","Vallès Occidental, el","21.00"
1431,"Sabadell – centre","Puríssima Concepció","Vallès Occidental, el","45.00"
1432,"Sabadell – centre","Sant Feliu","Vallès Occidental, el","39.00"
1433,"Sabadell – passeig Gaudí","Sant Oleguer","Vallès Occidental, el","27.3"
1434,"Sabadell – plaça Sant Salvador","Sant Salvador","Vallès Occidental, el","25.00"
1435,"Sant Cugat del Vallès","Sant Pere, antic monestir","Vallès Occidental, el","54.11"
1436,"Sant Feliu del Racó","Sant Feliu (església nova)","Vallès Occidental, el","25.75"
1437,"Sant Feliu del Racó","Sant Feliu (església romànica)","Vallès Occidental, el","15.5"
1438,"Sant Llorenç Savall","Sant Llorenç","Vallès Occidental, el","25.2"
1439,"Sant Quirze del Vallès","Sant Quirze","Vallès Occidental, el","20.5"
1440,"Santa Perpètua de Mogoda","Santa Perpètua","Vallès Occidental, el","25.38"
1441,"Sentmenat","Sant Menna","Vallès Occidental, el","25.8"
1442,"Terrassa – Ca n'Anglada","Sant Cristòfol","Vallès Occidental, el","24.25"
1443,"Terrassa – Can Palet","Sant Josep","Vallès Occidental, el","18.64"
1444,"Terrassa – carrer Faraday","Sagrada Família","Vallès Occidental, el","28.5"
1445,"Terrassa – carretera de Rellinars","Santa Creu","Vallès Occidental, el","17.15"
1446,"Terrassa – centre","Catedral del Sant Esperit","Vallès Occidental, el","47.00"
1447,"Ullastrell","Santa Maria ","Vallès Occidental, el","27.5"
1448,"Vacarrisses","Sant Pere","Vallès Occidental, el","32.00"
1449,"Valldoreix","Sant Cebrià","Vallès Occidental, el","16.55"
1450,"Viladecavalls","Sant Martí de Sorbet","Vallès Occidental, el","18.5"
1451,"Aiguafreda","Santa Maria","Vallès Oriental, el","22.28"
1452,"Ametlla del Vallès, L'","Sant Genís","Vallès Oriental, el","25.7"
1453,"Batllòria, La","Nostra Senyora de l'Esperança","Vallès Oriental, el","20.8"
1454,"Bigues","Sant Pere","Vallès Oriental, el","18.8"
1455,"Caldes de Montbui","Santa Maria","Vallès Oriental, el","44.5"
1456,"Campins","Sant Joan","Vallès Oriental, el","26.00"
1457,"Canovelles","Sant Fèlix, espadanya de 2 ulls","Vallès Oriental, el","14.36"
1458,"Cànoves","Sant Muç","Vallès Oriental, el","25.5"
1459,"Cardedeu","Santa Maria","Vallès Oriental, el","27.56"
1460,"Coll, El","Sant Esteve, santuari","Vallès Oriental, el","16.00"
1461,"Collsabadell","Sant Sadurní","Vallès Oriental, el","22.6"
1462,"Corró d'Amunt","Sant Mamet","Vallès Oriental, el","12.00"
1463,"Costa del Montseny","Sant Esteve","Vallès Oriental, el","16.5"
1464,"Fogars de Montclús","Sant Cristòfol","Vallès Oriental, el","18.00"
1465,"Fou, El  (Alfou)","Sant Julià, santuari","Vallès Oriental, el","19.00"
1466,"Garriga, La","Sant Esteve","Vallès Oriental, el","31.75"
1467,"Granera","Sant Martí","Vallès Oriental, el","13.5"
1468,"Granollers – barri de Palou","Sant Julià de Palou","Vallès Oriental, el","22.32"
1469,"Granollers – centre","Sant Esteve","Vallès Oriental, el","36.75"
1470,"Granollers, límit amb Canovelles","Mare de Déu de Fàtima","Vallès Oriental, el","25.00"
1471,"Gualba","Sant Vicenç","Vallès Oriental, el","18.6"
1472,"Llagosta, La","Sant Josep","Vallès Oriental, el","24.76"
1473,"Lliçà d'Amunt","Sant Julià","Vallès Oriental, el","22.6"
1474,"Lliçà d'Amunt – Palaudàries","Sant Esteve","Vallès Oriental, el","20.2"
1475,"Lliçà de Vall","Sant Cristòfol","Vallès Oriental, el","21.69"
1476,"Llinars del Vallès","Santa Maria","Vallès Oriental, el","25.3"
1477,"Marata","Santa Coloma","Vallès Oriental, el","13.79"
1478,"Martorelles","Sant Joaquim","Vallès Oriental, el","19.5"
1479,"Mollet del Vallès – centre","Sant Vicenç","Vallès Oriental, el","24.00"
1480,"Montmeló","Santa Maria","Vallès Oriental, el","18.5"
1481,"Montnegre","Sant Martí, santuari","Vallès Oriental, el","21.00"
1482,"Montornès del Vallès","Sant Sadurní","Vallès Oriental, el","23.5"
1483,"Montseny","Sant Julià","Vallès Oriental, el","12.2"
1484,"Móra, La","Sant Cebrià","Vallès Oriental, el","11.18"
1485,"Mosqueroles","Sant Martí","Vallès Oriental, el","16.6"
1486,"Parets del Vallès","Sant Esteve","Vallès Oriental, el","28.00"
1487,"Riella del Fai","Sant Vicenç","Vallès Oriental, el","25.5"
1488,"Samalús","Sant Andreu","Vallès Oriental, el","17.00"
1489,"Sanata","Sant Joan","Vallès Oriental, el","19.17"
1490,"Sant Celoni","Sant Martí","Vallès Oriental, el","34.25"
1491,"Sant Esteve de Palautordera","Sant Esteve","Vallès Oriental, el","20.5"
1492,"Sant Feliu de Codines","Sant Feliu","Vallès Oriental, el","33.3"
1493,"Sant Fost de Campsentelles","Sant Faust","Vallès Oriental, el","19.02"
1494,"Sant Pere de Vilamajor","Sant Pere","Vallès Oriental, el","27.4"
1495,"Sant Sebastià de Montmajor","Sant Sebastià","Vallès Oriental, el","13.2"
1496,"Santa Agnès de Malenyanes","Santa Agnès","Vallès Oriental, el","26.35"
1497,"Santa Eulàlia de Ronçana","Santa Eulàlia","Vallès Oriental, el","21.3"
1498,"Santa Maria de Martorelles","Santa Maria","Vallès Oriental, el","18.4"
1499,"Santa Maria de Palautordera","Santa Maria","Vallès Oriental, el","33.00"
1500,"Santa Susanna del Montseny","Santa Susanna","Vallès Oriental, el","12.3"
1501,"Torreta, La","Santa Maria del Jaire","Vallès Oriental, el","31.14"
1502,"Vallgorguina","Sant Andreu","Vallès Oriental, el","22.00"
1503,"Vallromanes","Sant Vicenç","Vallès Oriental, el","20.6"
1504,"Vilalba Sasserra","Santa Maria","Vallès Oriental, el","20.00"
1505,"Vilanova del Vallès","Sant Esteve (santuari de Santa Quitèria)","Vallès Oriental, el","20.00"
